Date,Particulars,Voucher No.,GSTIN/UIN,Gross Total,Sales Taxable@5%,Output CGST@2.5%,Output SGST@2.5%,Sales Taxable @12%,Output CGST @6%,Output SGST @ 6%,Sales Interstate Taxable @12%,Output IGST @12%,ROUND OFF,Other Charges,Sales Interstate Taxable@5%,Output IGST @5%,Grand Total
2024-04-02,Carron Clothing Pvt Ltd,001/24-25,27AABCC2448L1ZK,21689,1960.00 Cr,49.00 Cr,49.00 Cr,17529.00 Cr,1051.00 Cr,1051.00 Cr,,,,,,,8541212.00 Dr
2024-04-02,Honesty Stores,002/24-25,27ABIPS0106J1ZP,12578,3960.00 Cr,99.00 Cr,99.00 Cr,7516.00 Cr,452.00 Cr,452.00 Cr,,,,,,,
2024-04-02,Trios,003/24-25,27AACFT4028M1ZY,1429,,,,1275.00 Cr,77.00 Cr,77.00 Cr,,,,,,,
2024-04-02,Kalapi Nx,004/24-25,27AASFK2634G1Z4,5527,,,,4935.00 Cr,296.00 Cr,296.00 Cr,,,,,,,
2024-04-03,Mom N Me-Punjab,005/24-25,03AYZPS4862M1ZE,78142,,,,,,,69770.00 Cr,8372.00 Cr,,,,,
2024-04-03,Bhape-Di-Hatti,006/24-25,03ACOPS5467R1ZL,45562,,,,,,,40680.00 Cr,4882.00 Cr,,,,,
2024-04-03,Deep Fashion Gallary,007/24-25,03AVLPK9333L1Z8,38405,,,,,,,34290.00 Cr,4115.00 Cr,,,,,
2024-04-03,Kalapi Nx,008/24-25,27AASFK2634G1Z4,7029,,,,6274.00 Cr,377.00 Cr,377.00 Cr,,,1.00 Cr,,,,
2024-04-03,Janta Bazar-Nallasopara,009/24-25,27AAGFJ8219C1ZG,9981,,,,8911.00 Cr,535.00 Cr,535.00 Cr,,,,,,,
2024-04-04,Guru Nanak Garments-Punjab,010/24-25,03AEWPM6690L1ZO,24142,,,,,,,21555.00 Cr,2587.00 Cr,,,,,
2024-04-04,Jay Jalaram Family Mall,011/24-25,24AARFJ9924F1ZZ,30122,,,,,,,26895.00 Cr,3227.00 Cr,,,,,
2024-04-05,Tiny Baby,012/24-25,27BABPS1183E1ZT,13087,,,,11685.00 Cr,701.00 Cr,701.00 Cr,,,,,,,
2024-04-05,Celebrations,013/24-25,,5829,,,,5025.00 Cr,302.00 Cr,302.00 Cr,,,,200.00 Cr,,,
2024-04-06,Celebrations,014/24-25,,1668,,,,1400.00 Cr,84.00 Cr,84.00 Cr,,,,100.00 Cr,,,
2024-04-08,Stop N Shop,015/24-25,27AOFPS2660M1ZG,25940,,,,23160.00 Cr,1390.00 Cr,1390.00 Cr,,,,,,,
2024-04-08,Spice,016/24-25,27AHPPJ7298H1ZL,1668,,,,1400.00 Cr,84.00 Cr,84.00 Cr,,,,100.00 Cr,,,
2024-04-09,Honesty Stores,017/24-25,27ABIPS0106J1ZP,12810,1000.00 Cr,25.00 Cr,25.00 Cr,10499.00 Cr,630.00 Cr,630.00 Cr,,,1.00 Cr,,,,
2024-04-10,Spice,018/24-25,27AHPPJ7298H1ZL,14796,,,,13210.00 Cr,793.00 Cr,793.00 Cr,,,,,,,
2024-04-10,Stop N Shop,019/24-25,27AOFPS2660M1ZG,12255,1000.00 Cr,25.00 Cr,25.00 Cr,10005.00 Cr,600.00 Cr,600.00 Cr,,,,,,,
2024-04-10,Carron Clothing Pvt Ltd,020/24-25,27AABCC2448L1ZK,7709,,,,6882.00 Cr,413.00 Cr,413.00 Cr,,,1.00 Cr,,,,
2024-04-11,Kalapi Nx,021/24-25,27AASFK2634G1Z4,4653,1960.00 Cr,49.00 Cr,49.00 Cr,2315.00 Cr,140.00 Cr,140.00 Cr,,,,,,,
2024-04-11,Sagar,022/24-25,27AABPT1293K1ZD,27574,,,,24620.00 Cr,1477.00 Cr,1477.00 Cr,,,,,,,
2024-04-12,Kalapi Nx,023/24-25,27AASFK2634G1Z4,14226,,,,12701.00 Cr,762.00 Cr,762.00 Cr,,,1.00 Cr,,,,
2024-04-13,Harivar,024/24-25,24AADHT8500M1ZY,1965,,,,,,,1665.00 Cr,200.00 Cr,,100.00 Cr,,,
2024-04-16,Celebrations,025/24-25,,3947,,,,3435.00 Cr,206.00 Cr,206.00 Cr,,,,100.00 Cr,,,
2024-04-17,Tiny Baby,026/24-25,27BABPS1183E1ZT,6587,,,,5880.00 Cr,353.00 Cr,353.00 Cr,,,1.00 Cr,,,,
2024-04-17,Honesty Stores,027/24-25,27ABIPS0106J1ZP,9432,,,,8421.00 Cr,505.00 Cr,505.00 Cr,,,1.00 Cr,,,,
2024-04-19,Carron Clothing Pvt Ltd,028/24-25,27AABCC2448L1ZK,10751,1960.00 Cr,49.00 Cr,49.00 Cr,7763.00 Cr,465.00 Cr,465.00 Cr,,,,,,,
2024-04-22,Angel,029/24-25,24AKFPT5168F1ZZ,6599,,,,,,,3150.00 Cr,378.00 Cr,,,2925.00 Cr,146.00 Cr,
2024-04-22,Celebrations,030/24-25,,1697,,,,1425.00 Cr,86.00 Cr,86.00 Cr,,,,100.00 Cr,,,
2024-04-24,Trios,031/24-25,27AACFT4028M1ZY,8159,,,,7285.00 Cr,437.00 Cr,437.00 Cr,,,,,,,
2024-04-27,Puzzle,032/24-25,27AHIPD1472E1ZO,7443,,,,6645.00 Cr,399.00 Cr,399.00 Cr,,,,,,,
2024-04-27,Celebrations,033/24-25,,9661,,,,8625.00 Cr,518.00 Cr,518.00 Cr,,,,,,,
2024-04-27,Tiny Baby,034/24-25,27BABPS1183E1ZT,7911,,,,7063.00 Cr,424.00 Cr,424.00 Cr,,,,,,,
2024-04-29,Carron Clothing Pvt Ltd,035/24-25,27AABCC2448L1ZK,15013,,,,13404.00 Cr,804.00 Cr,804.00 Cr,,,1.00 Cr,,,,
2024-04-29,Stop N Shop,036/24-25,27AOFPS2660M1ZG,2257,,,,2015.00 Cr,121.00 Cr,121.00 Cr,,,,,,,
2024-04-30,Carron Clothing Pvt Ltd,037/24-25,27AABCC2448L1ZK,3143,,,,2807.00 Cr,168.00 Cr,168.00 Cr,,,,,,,
2024-04-30,Celebrations,038/24-25,,7766,,,,6800.00 Cr,408.00 Cr,408.00 Cr,,,,150.00 Cr,,,
2024-05-04,Honesty Stores,039/24-25,27ABIPS0106J1ZP,3181,,,,2840.00 Cr,170.00 Cr,170.00 Cr,,,1.00 Cr,,,,
2024-05-06,Harivar,040/24-25,24AADHT8500M1ZY,2048,,,,,,,1695.00 Cr,203.00 Cr,,150.00 Cr,,,
2024-05-07,Harivar,041/24-25,24AADHT8500M1ZY,1612,,,,,,,1305.00 Cr,157.00 Cr,,150.00 Cr,,,
2024-05-11,Harivar,043/24-25,24AADHT8500M1ZY,6035,,,,,,,5165.00 Cr,620.00 Cr,,250.00 Cr,,,
2024-05-14,Carron Clothing Pvt Ltd,042/24-25,27AABCC2448L1ZK,17828,3960.00 Cr,99.00 Cr,99.00 Cr,12204.00 Cr,733.00 Cr,733.00 Cr,,,,,,,
2024-05-14,Honesty Stores,044/24-25,27ABIPS0106J1ZP,10719,1960.00 Cr,49.00 Cr,49.00 Cr,7734.00 Cr,463.00 Cr,463.00 Cr,,,1.00 Cr,,,,
2024-05-27,Carron Clothing Pvt Ltd,045/24-25,27AABCC2448L1ZK,16688,1960.00 Cr,49.00 Cr,49.00 Cr,13064.00 Cr,783.00 Cr,783.00 Cr,,,,,,,
2024-05-31,Trios,046/24-25,27AACFT4028M1ZY,3743,3565.00 Cr,89.00 Cr,89.00 Cr,,,,,,,,,,
2024-05-31,Kalapi Nx,047/24-25,27AASFK2634G1Z4,5652,2960.00 Cr,74.00 Cr,74.00 Cr,2269.00 Cr,137.00 Cr,137.00 Cr,,,1.00 Cr,,,,
2024-06-05,Parichay Department Stores Pvt Ltd,048/24-25,27AADCP6306N1Z4,3628,,,,3240.00 Cr,194.00 Cr,194.00 Cr,,,,,,,
2024-06-08,Carron Clothing Pvt Ltd,049/24-25,27AABCC2448L1ZK,6139,1000.00 Cr,25.00 Cr,25.00 Cr,4543.00 Cr,273.00 Cr,273.00 Cr,,,,,,,
2024-06-18,Carron Clothing Pvt Ltd,050/24-25,27AABCC2448L1ZK,1516,,,,1353.00 Cr,81.00 Cr,81.00 Cr,,,1.00 Cr,,,,
2024-06-22,Carron Clothing Pvt Ltd,051/24-25,27AABCC2448L1ZK,1309,,,,1168.00 Cr,70.00 Cr,70.00 Cr,,,1.00 Cr,,,,
2024-06-28,Honesty Stores,052/24-25,27ABIPS0106J1ZP,1197,,,,1068.00 Cr,64.00 Cr,64.00 Cr,,,1.00 Cr,,,,
2024-07-08,Carron Clothing Pvt Ltd,053/24-25,27AABCC2448L1ZK,4910,1960.00 Cr,49.00 Cr,49.00 Cr,2547.00 Cr,152.00 Cr,152.00 Cr,,,1.00 Cr,,,,
2024-07-09,Harivar,054/24-25,24AADHT8500M1ZY,4342,,,,,,,3520.00 Cr,422.00 Cr,,400.00 Cr,,,
2024-07-09,Lekhus Collection Pvt Ltd,055/24-25,07AABCL0791K1ZD,37632,,,,,,,33600.00 Cr,4032.00 Cr,,,,,
2024-07-12,Honesty Stores,056/24-25,27ABIPS0106J1ZP,9704,1960.00 Cr,49.00 Cr,49.00 Cr,6827.00 Cr,409.00 Cr,409.00 Cr,,,1.00 Cr,,,,
2024-07-24,Carron Clothing Pvt Ltd,057/24-25,27AABCC2448L1ZK,9624,1960.00 Cr,49.00 Cr,49.00 Cr,6756.00 Cr,405.00 Cr,405.00 Cr,,,,,,,
2024-07-27,Trios,058/24-25,27AACFT4028M1ZY,2730,2600.00 Cr,65.00 Cr,65.00 Cr,,,,,,,,,,
2024-08-03,Puzzle,059/24-25,27AHIPD1472E1ZO,14228,13550.00 Cr,339.00 Cr,339.00 Cr,,,,,,,,,,
2024-08-05,Poonam,060/24-25,27AAPFC2036H2ZG,8260,7866.00 Cr,197.00 Cr,197.00 Cr,,,,,,,,,,
2024-08-06,Trios,061/24-25,27AACFT4028M1ZY,1926,1833.00 Cr,46.00 Cr,46.00 Cr,,,,,,1.00 Cr,,,,
2024-08-07,Kalapi Nx,062/24-25,27AASFK2634G1Z4,12029,11457.00 Cr,286.00 Cr,286.00 Cr,,,,,,,,,,
2024-08-07,Carron Clothing Pvt Ltd,063/24-25,27AABCC2448L1ZK,4383,4175.00 Cr,104.00 Cr,104.00 Cr,,,,,,,,,,
2024-08-07,Poonam,064/24-25,27AAPFC2036H2ZG,7601,7239.00 Cr,181.00 Cr,181.00 Cr,,,,,,,,,,
2024-08-08,Suvidha,065/24-25,27ABCFS5847C1Z5,4028,3836.00 Cr,96.00 Cr,96.00 Cr,,,,,,,,,,
2024-08-08,Blossom,066/24-25,27AQRPS2494R1ZI,16598,15808.00 Cr,395.00 Cr,395.00 Cr,,,,,,,,,,
2024-08-08,Sweety,067/24-25,27AEQPS1949L1ZM,8506,8100.00 Cr,203.00 Cr,203.00 Cr,,,,,,,,,,
2024-08-08,Stop N Shop,068/24-25,27AOFPS2660M1ZG,8548,8140.00 Cr,204.00 Cr,204.00 Cr,,,,,,,,,,
2024-08-08,Honesty Stores,069/24-25,27ABIPS0106J1ZP,13717,13062.00 Cr,327.00 Cr,327.00 Cr,,,,,,1.00 Cr,,,,
2024-08-08,Khodal Kids  Teenage,070/24-25,27CKVPN5692J1Z3,3827,3645.00 Cr,91.00 Cr,91.00 Cr,,,,,,,,,,
2024-08-08,Poonam,071/24-25,27AAPFC2036H2ZG,7931,7552.00 Cr,189.00 Cr,189.00 Cr,,,,,,1.00 Cr,,,,
2024-08-10,Shivam Fashion,072/24-25,24AQFPG7059Q1ZB,31317,,,,,,,26105.00 Cr,3133.00 Cr,,,1980.00 Cr,99.00 Cr,
2024-08-10,He & She Readymade Garments,073/24-25,03AAXPK6247Q1ZU,2150,,,,,,,1920.00 Cr,230.00 Cr,,,,,
2024-08-10,Janta Bazar-Vasai,074/24-25,27AAGFJ8219C1ZG,15532,14791.00 Cr,370.00 Cr,370.00 Cr,,,,,,1.00 Cr,,,,
2024-08-10,Janta Bazar-Nallasopara,075/24-25,27AAGFJ8219C1ZG,15532,14791.00 Cr,370.00 Cr,370.00 Cr,,,,,,1.00 Cr,,,,
2024-08-12,Angel,076/24-25,,26875,,,,,,,14995.00 Cr,1800.00 Cr,,,9600.00 Cr,480.00 Cr,
2024-08-12,Harmony NX,077/24-25,24CYRPK9679Q1ZZ,35032,,,,,,,26685.00 Cr,3202.00 Cr,,,4900.00 Cr,245.00 Cr,
2024-08-12,Kalapi Nx,078/24-25,27AASFK2634G1Z4,11659,2920.00 Cr,73.00 Cr,73.00 Cr,7672.00 Cr,460.00 Cr,460.00 Cr,,,1.00 Cr,,,,
2024-08-12,Trios,079/24-25,27AACFT4028M1ZY,6131,4760.00 Cr,119.00 Cr,119.00 Cr,1011.00 Cr,61.00 Cr,61.00 Cr,,,,,,,
2024-08-13,Pummy Fashion,080/24-25,24AACFP5050H1ZJ,15194,,,,,,,3140.00 Cr,378.00 Cr,,,11120.00 Cr,556.00 Cr,
2024-08-13,Baby's World,081/24-25,24ANCPN9399J1ZC,46694,,,,,,,29035.00 Cr,3484.00 Cr,,,13500.00 Cr,675.00 Cr,
2024-08-13,Tini Mini Baby Mall,082/24-25,24AAMFT5240R1ZK,23659,,,,,,,14825.00 Cr,1778.00 Cr,,,6720.00 Cr,336.00 Cr,
2024-08-13,Kalapi Nx,083/24-25,27AASFK2634G1Z4,10619,,,,9481.00 Cr,569.00 Cr,569.00 Cr,,,,,,,
2024-08-13,Honesty Stores,084/24-25,27ABIPS0106J1ZP,7307,6958.00 Cr,174.00 Cr,174.00 Cr,,,,,,1.00 Cr,,,,
2024-08-13,Janta Bazar-Nallasopara,085/24-25,27AAGFJ8219C1ZG,8260,7866.00 Cr,197.00 Cr,197.00 Cr,,,,,,,,,,
2024-08-13,Janta Bazar-Vasai,086/24-25,27AAGFJ8219C1ZG,8260,7866.00 Cr,197.00 Cr,197.00 Cr,,,,,,,,,,
2024-08-14,Stop N Shop,087/24-25,27AOFPS2660M1ZG,10102,,,,9020.00 Cr,541.00 Cr,541.00 Cr,,,,,,,
2024-08-14,Sagar,088/24-25,27AABPT1293K1ZD,6131,4760.00 Cr,119.00 Cr,119.00 Cr,1011.00 Cr,61.00 Cr,61.00 Cr,,,,,,,
2024-08-16,Harivar,089/24-25,24AADHT8500M1ZY,15377,,,,,,,,,,,14645.00 Cr,732.00 Cr,
2024-08-16,Rushabh Kids Wear-Rajkot,090/24-25,24AFCPT0907N1ZB,7534,,,,,,,,,,,7175.00 Cr,359.00 Cr,
2024-08-16,Carron Clothing Pvt Ltd,091/24-25,27AABCC2448L1ZK,7932,1000.00 Cr,25.00 Cr,25.00 Cr,6144.00 Cr,369.00 Cr,369.00 Cr,,,,,,,
2024-08-17,Smiley,092/24-25,27CBLPG6843D1ZL,17388,16560.00 Cr,414.00 Cr,414.00 Cr,,,,,,,,,,
2024-08-17,Puzzle,093/24-25,27AHIPD1472E1ZO,6142,5850.00 Cr,146.00 Cr,146.00 Cr,,,,,,,,,,
2024-08-17,Shivam Kids Wear,094/24-25,03AQSPD4244K1ZS,22361,,,,,,,14527.00 Cr,1744.00 Cr,,,5800.00 Cr,290.00 Cr,
2024-08-17,59 Colours,095/24-25,03CKQPS9924M1Z8,14706,,,,,,,13130.00 Cr,1576.00 Cr,,,,,
2024-08-17,Janta Bazar-Nallasopara,096/24-25,27AAGFJ8219C1ZG,9660,,,,9199.00 Cr,230.00 Cr,230.00 Cr,,,1.00 Cr,,,,
2024-08-20,Librel,097/24-25,27ADRPS0278E1Z6,6174,5880.00 Cr,147.00 Cr,147.00 Cr,,,,,,,,,,
2024-08-21,Blossom,098/24-25,27AQRPS2494R1ZI,13941,13277.00 Cr,332.00 Cr,332.00 Cr,,,,,,,,,,
2024-08-21,Honesty Stores,099/24-25,27ABIPS0106J1ZP,9660,9199.00 Cr,230.00 Cr,230.00 Cr,,,,,,1.00 Cr,,,,
2024-08-23,Carron Clothing Pvt Ltd,100/24-25,27AABCC2448L1ZK,3810,3628.00 Cr,91.00 Cr,91.00 Cr,,,,,,,,,,
2024-08-24,Khodal Kids  Teenage,101/24-25,27CKVPN5692J1Z3,3223,3069.00 Cr,77.00 Cr,77.00 Cr,,,,,,,,,,
2024-08-24,Pummy Fashion,102/24-25,24AACFP5050H1ZJ,5267,,,,,,,,,,,5016.00 Cr,251.00 Cr,
2024-08-26,Parichay Department Stores Pvt Ltd,103/24-25,27AADCP6306N1Z4,8158,7770.00 Cr,194.00 Cr,194.00 Cr,,,,,,,,,,
2024-08-28,Sweety,104/24-25,27AEQPS1949L1ZM,9724,9260.00 Cr,232.00 Cr,232.00 Cr,,,,,,,,,,
2024-08-29,Carron Clothing Pvt Ltd,105/24-25,27AABCC2448L1ZK,2899,,,,2588.00 Cr,155.00 Cr,155.00 Cr,,,1.00 Cr,,,,
2024-08-30,Pummy Fashion,106/24-25,24AACFP5050H1ZJ,9003,,,,,,,,,,,8574.00 Cr,429.00 Cr,
2024-08-30,Trios,107/24-25,27AACFT4028M1ZY,7369,,,,6578.00 Cr,395.00 Cr,395.00 Cr,,,1.00 Cr,,,,
2024-08-30,Honesty Stores,108/24-25,27ABIPS0106J1ZP,5751,5476.00 Cr,137.00 Cr,137.00 Cr,,,,,,1.00 Cr,,,,
2024-08-30,Parichay Department Stores Pvt Ltd,109/24-25,27AADCP6306N1Z4,3669,3495.00 Cr,87.00 Cr,87.00 Cr,,,,,,,,,,
2024-08-30,Baby's World,110/24-25,24ANCPN9399J1ZC,5723,,,,,,,,,,,5450.00 Cr,273.00 Cr,
2024-08-30,Tiny Baby,111/24-25,27BABPS1183E1ZT,6076,5785.00 Cr,145.00 Cr,145.00 Cr,,,,,,1.00 Cr,,,,
2024-09-01,Blossom,112/24-25,27AQRPS2494R1ZI,13960,13296.00 Cr,332.00 Cr,332.00 Cr,,,,,,,,,,
2024-09-02,Carron Clothing Pvt Ltd,113/24-25,27AABCC2448L1ZK,2447,,,,2185.00 Cr,131.00 Cr,131.00 Cr,,,,,,,
2024-09-03,Tiny Baby,114/24-25,27BABPS1183E1ZT,6704,6384.00 Cr,160.00 Cr,160.00 Cr,,,,,,,,,,
2024-09-03,Honesty Stores,115/24-25,27ABIPS0106J1ZP,6403,6099.00 Cr,152.00 Cr,152.00 Cr,,,,,,,,,,
2024-09-05,Satyam Kids Wear-Durg,116/24-25,22ACYFS7221F1ZX,13482,,,,,,,6525.00 Cr,783.00 Cr,,,5880.00 Cr,294.00 Cr,
2024-09-05,Spice,117/24-25,27AHPPJ7298H1ZL,34305,7640.00 Cr,191.00 Cr,191.00 Cr,23465.00 Cr,1409.00 Cr,1409.00 Cr,,,,,,,
2024-09-05,Arihant Collection,118/24-25,22ABLPV4345B1ZT,22796,,,,,,,14372.00 Cr,1724.00 Cr,1.00 Cr,,6380.00 Cr,319.00 Cr,
2024-09-05,Rushabh Kids Wear-Rajkot,119/24-25,24AFCPT0907N1ZB,7429,,,,,,,,,,,7075.00 Cr,354.00 Cr,
2024-09-05,Carron Clothing Pvt Ltd,120/24-25,27AABCC2448L1ZK,13949,,,,12454.00 Cr,747.00 Cr,747.00 Cr,,,1.00 Cr,,,,
2024-09-05,Honesty Stores,121/24-25,27ABIPS0106J1ZP,6165,5871.00 Cr,147.00 Cr,147.00 Cr,,,,,,,,,,
2024-09-05,Kalapi Nx,122/24-25,27AASFK2634G1Z4,6410,6103.00 Cr,153.00 Cr,153.00 Cr,,,,,,1.00 Cr,,,,
2024-09-05,Fantasy Collections,123/24-25,27AAOPP0155D1ZS,6831,6505.00 Cr,163.00 Cr,163.00 Cr,,,,,,,,,,
2024-09-09,Chocolate Fashion,124/24-25,27AARFC2730J1Z9,17655,5280.00 Cr,132.00 Cr,132.00 Cr,10815.00 Cr,648.00 Cr,648.00 Cr,,,,,,,
2024-09-09,Kalapi Nx,125/24-25,27AASFK2634G1Z4,3964,3776.00 Cr,94.00 Cr,94.00 Cr,,,,,,,,,,
2024-09-09,Festoons,126/24-25,27AABPD1389G1ZX,2830,2696.00 Cr,67.00 Cr,67.00 Cr,,,,,,,,,,
2024-09-09,Maitrik Fashion Pvt Ltd,127/24-25,27AANCM1610N1Z8,24721,10880.00 Cr,272.00 Cr,272.00 Cr,11872.00 Cr,712.00 Cr,712.00 Cr,,,1.00 Cr,,,,
2024-09-09,Maitrik the Baby's Paradise,128/24-25,27AAGFM6760K1ZU,14060,7680.00 Cr,192.00 Cr,192.00 Cr,5354.00 Cr,321.00 Cr,321.00 Cr,,,,,,,
2024-09-09,Riyansh Fashion Pin-A-Kin,129/24-25,27AANCR2517B1ZK,47327,13760.00 Cr,344.00 Cr,344.00 Cr,29355.00 Cr,1762.00 Cr,1762.00 Cr,,,,,,,
2024-09-09,Sheetal Kids Wear,130/24-25,27AACPW1100F1Z6,5339,5085.00 Cr,127.00 Cr,127.00 Cr,,,,,,,,,,
2024-09-09,Sweety Clothing LLP,131/24-25,27AFGFS7469J1Z8,5084,4842.00 Cr,121.00 Cr,121.00 Cr,,,,,,,,,,
2024-09-09,Honesty Stores,132/24-25,27ABIPS0106J1ZP,3672,3277.00 Cr,197.00 Cr,197.00 Cr,,,,,,1.00 Cr,,,,
2024-09-11,Poonam,133/24-25,27AAPFC2036H2ZG,6165,5871.00 Cr,147.00 Cr,147.00 Cr,,,,,,,,,,
2024-09-11,Tiny Baby,134/24-25,27BABPS1183E1ZT,3392,3230.00 Cr,81.00 Cr,81.00 Cr,,,,,,,,,,
2024-09-11,Trios,135/24-25,27AACFT4028M1ZY,1171,,,,1045.00 Cr,63.00 Cr,63.00 Cr,,,,,,,
2024-09-13,Carron Clothing Pvt Ltd,136/24-25,27AABCC2448L1ZK,2617,,,,2337.00 Cr,140.00 Cr,140.00 Cr,,,,,,,
2024-09-13,Tiny Baby,137/24-25,27BABPS1183E1ZT,5596,5329.00 Cr,133.00 Cr,133.00 Cr,,,,,,1.00 Cr,,,,
2024-09-13,Kalapi Nx,138/24-25,27AASFK2634G1Z4,18768,,,,16758.00 Cr,1005.00 Cr,1005.00 Cr,,,,,,,
2024-09-13,Carron Clothing Pvt Ltd,139/24-25,27AABCC2448L1ZK,15380,,,,13732.00 Cr,824.00 Cr,824.00 Cr,,,,,,,
2024-09-13,Angel,140/24-25,,14879,,,,,,,13285.00 Cr,1594.00 Cr,,,,,
2024-09-14,Dresswala Collection-Rajkot,141/24-25,24ADCPA4778J1ZL,59911,,,,,,,39036.00 Cr,4684.00 Cr,,,15420.00 Cr,771.00 Cr,
2024-09-14,Stop N Shop,142/24-25,27AOFPS2660M1ZG,11816,,,,10550.00 Cr,633.00 Cr,633.00 Cr,,,,,,,
2024-09-18,Suvidha,143/24-25,27ABCFS5847C1Z5,6250,,,,5580.00 Cr,335.00 Cr,335.00 Cr,,,,,,,
2024-09-18,Khodal Kids  Teenage,144/24-25,27CKVPN5692J1Z3,6599,2920.00 Cr,73.00 Cr,73.00 Cr,3155.00 Cr,189.00 Cr,189.00 Cr,,,,,,,
2024-09-18,Kalapi Nx,145/24-25,27AASFK2634G1Z4,12556,5680.00 Cr,142.00 Cr,142.00 Cr,5886.00 Cr,353.00 Cr,353.00 Cr,,,,,,,
2024-09-18,Parichay Department Stores Pvt Ltd,146/24-25,27AADCP6306N1Z4,6720,,,,6000.00 Cr,360.00 Cr,360.00 Cr,,,,,,,
2024-09-18,Dresswala Collection-Rajkot,147/24-25,24ADCPA4778J1ZL,33915,,,,,,,18300.00 Cr,2196.00 Cr,,,12780.00 Cr,639.00 Cr,
2024-09-18,Stop N Shop,148/24-25,27AOFPS2660M1ZG,10043,960.00 Cr,24.00 Cr,24.00 Cr,8065.00 Cr,485.00 Cr,485.00 Cr,,,,,,,
2024-09-20,Fantasy Collections,149/24-25,27AAOPP0155D1ZS,25356,,,,22640.00 Cr,1358.00 Cr,1358.00 Cr,,,,,,,
2024-09-20,Navyug Selection,150/24-25,24ARQPG6894D1ZG,10119,,,,,,,9035.00 Cr,1084.00 Cr,,,,,
2024-09-21,Kalapi Nx,151/24-25,27AASFK2634G1Z4,2447,2185.00 Cr,131.00 Cr,131.00 Cr,,,,,,,,,,
2024-09-21,Carron Clothing Pvt Ltd,152/24-25,27AABCC2448L1ZK,2501,,,,2232.00 Cr,134.00 Cr,134.00 Cr,,,1.00 Cr,,,,
2024-09-23,Carron Clothing Pvt Ltd,153/24-25,27AABCC2448L1ZK,472,450.00 Cr,11.00 Cr,11.00 Cr,,,,,,,,,,
2024-09-24,Tiny Baby,154/24-25,27BABPS1183E1ZT,15762,1000.00 Cr,25.00 Cr,25.00 Cr,13136.00 Cr,788.00 Cr,788.00 Cr,,,,,,,
2024-09-25,Carron Clothing Pvt Ltd,155/24-25,27AABCC2448L1ZK,1309,,,,1168.00 Cr,70.00 Cr,70.00 Cr,,,1.00 Cr,,,,
2024-09-26,Pummy Kids,156/24-25,24AAIFP6574C1Z8,22513,,,,,,,12394.00 Cr,1488.00 Cr,,,8220.00 Cr,411.00 Cr,
2024-09-26,The Jhalak Kalapi Group,157/24-25,24AARFJ4428N1ZT,15374,,,,,,,7690.00 Cr,922.00 Cr,,,6440.00 Cr,322.00 Cr,
2024-09-26,MAYUR KIDS (JUNAGADH),158/24-25,24ADQPL4979A1ZC,15200,,,,,,,,,,,14476.00 Cr,724.00 Cr,
2024-09-26,Patel Selection,159/24-25,24ARWPK9302J1ZC,6720,,,,,,,,,,,6400.00 Cr,320.00 Cr,
2024-09-26,Komal Kids,160/24-25,08AQKPK9213D1ZV,20507,,,,,,,18310.00 Cr,2197.00 Cr,,,,,
2024-09-26,Janta Bazar-Nallasopara,161/24-25,27AAGFJ8219C1ZG,873,831.00 Cr,21.00 Cr,21.00 Cr,,,,,,,,,,
2024-09-26,Navyug Selection,162/24-25,24ARQPG6894D1ZG,1590,,,,,,,1330.00 Cr,160.00 Cr,,100.00 Cr,,,
2024-09-30,59 Colours,163/24-25,03CKQPS9924M1Z8,14706,,,,,,,13130.00 Cr,1576.00 Cr,,,,,
2024-09-30,Awal Nx-Punjab,164/24-25,03AAXFA8683N1ZJ,29411,,,,,,,26260.00 Cr,3151.00 Cr,,,,,
2024-09-30,Carron Clothing Pvt Ltd,165/24-25,27AABCC2448L1ZK,27089,2000.00 Cr,50.00 Cr,50.00 Cr,22310.00 Cr,1339.00 Cr,1339.00 Cr,,,1.00 Cr,,,,
2024-10-01,Marry King Garments,166/24-25,03AAOFM9067D1Z5,31585,,,,,,,28201.00 Cr,3384.00 Cr,,,,,
2024-10-01,Kids Camp-Punjab,167/24-25,03AXDPN8959R1ZJ,21504,,,,,,,15504.00 Cr,1860.00 Cr,0.50 Cr,,3942.50 Cr,197.00 Cr,
2024-10-01,Spice,168/24-25,27AHPPJ7298H1ZL,15382,14650.00 Cr,366.00 Cr,366.00 Cr,,,,,,,,,,
2024-10-02,Pummy Fashion,169/24-25,24AACFP5050H1ZJ,17035,,,,,,,15210.00 Cr,1825.00 Cr,,,,,
2024-10-02,Shivam Fashion,170/24-25,24AQFPG7059Q1ZB,15126,,,,,,,13505.00 Cr,1621.00 Cr,,,,,
2024-10-02,Valia's Kids Corner,171/24-25,24AAFPV5050Q1Z6,30251,,,,,,,27010.00 Cr,3241.00 Cr,,,,,
2024-10-02,Sweety Clothing LLP,172/24-25,27AFGFS7469J1Z8,22573,,,,20155.00 Cr,1209.00 Cr,1209.00 Cr,,,,,,,
2024-10-02,Puzzle,173/24-25,27AHIPD1472E1ZO,15125,,,,13505.00 Cr,810.00 Cr,810.00 Cr,,,,,,,
2024-10-02,Honesty Stores,174/24-25,27ABIPS0106J1ZP,15400,6960.00 Cr,174.00 Cr,174.00 Cr,7223.00 Cr,434.00 Cr,434.00 Cr,,,1.00 Cr,,,,
2024-10-02,Tiny Baby,175/24-25,27BABPS1183E1ZT,6704,6384.00 Cr,160.00 Cr,160.00 Cr,,,,,,,,,,
2024-10-02,Navyug Selection,176/24-25,24ARQPG6894D1ZG,8718,,,,,,,7605.00 Cr,913.00 Cr,,200.00 Cr,,,
2024-10-03,Suvidha,177/24-25,27ABCFS5847C1Z5,6881,,,,6142.00 Cr,369.00 Cr,369.00 Cr,,,1.00 Cr,,,,
2024-10-03,Mysore Emporium,178/24-25,29AADFM5917D1ZB,33414,,,,,,,23817.00 Cr,2858.00 Cr,,,6418.00 Cr,321.00 Cr,
2024-10-03,Royal Collection,179/24-25,29DBKPS7583A1Z4,34260,,,,,,,26050.00 Cr,3126.00 Cr,,,4842.00 Cr,242.00 Cr,
2024-10-03,Baby's World,180/24-25,24ANCPN9399J1ZC,36098,,,,,,,32230.00 Cr,3868.00 Cr,,,,,
2024-10-03,Dresswala Collection-Rajkot,181/24-25,24ADCPA4778J1ZL,9946,,,,,,,8880.00 Cr,1066.00 Cr,,,,,
2024-10-03,Blossom,182/24-25,27AQRPS2494R1ZI,9448,,,,8436.00 Cr,506.00 Cr,506.00 Cr,,,,,,,
2024-10-03,Poonam,183/24-25,27AAPFC2036H2ZG,8260,7866.00 Cr,197.00 Cr,197.00 Cr,,,,,,,,,,
2024-10-03,Janta Bazar-Nallasopara,184/24-25,27AAGFJ8219C1ZG,10524,,,,9395.00 Cr,564.00 Cr,564.00 Cr,,,1.00 Cr,,,,
2024-10-03,Shivam Fashion,185/24-25,24AQFPG7059Q1ZB,31506,,,,,,,28130.00 Cr,3376.00 Cr,,,,,
2024-10-04,Kalapi Nx,186/24-25,27AASFK2634G1Z4,9448,,,,8436.00 Cr,506.00 Cr,506.00 Cr,,,,,,,
2024-10-04,Stop N Shop,187/24-25,27AOFPS2660M1ZG,9314,8870.00 Cr,222.00 Cr,222.00 Cr,,,,,,,,,,
2024-10-04,Pallav-Jamnagar,188/24-25,24AAOFP3575D1Z5,13948,,,,,,,,,,,13284.00 Cr,664.00 Cr,
2024-10-04,Tini Mini Baby Mall,189/24-25,24AAMFT5240R1ZK,6452,,,,,,,,,,,6145.00 Cr,307.00 Cr,
2024-10-04,Baby Zone,190/24-25,24AAOFB5388G1Z6,26102,,,,,,,23305.00 Cr,2797.00 Cr,,,,,
2024-10-04,Baby's World,191/24-25,24ANCPN9399J1ZC,15686,,,,,,,14005.00 Cr,1681.00 Cr,,,,,
2024-10-04,Blossom,192/24-25,27AQRPS2494R1ZI,16375,,,,14620.00 Cr,877.00 Cr,877.00 Cr,,,1.00 Cr,,,,
2024-10-04,Janta Bazar-Vasai,193/24-25,27AAGFJ8219C1ZG,4555,4338.00 Cr,108.00 Cr,108.00 Cr,,,,,,1.00 Cr,,,,
2024-10-04,Janta Bazar-Nallasopara,194/24-25,27AAGFJ8219C1ZG,3486,3320.00 Cr,83.00 Cr,83.00 Cr,,,,,,,,,,
2024-10-04,Kalapi Nx,195/24-25,27AASFK2634G1Z4,17124,16307.00 Cr,408.00 Cr,408.00 Cr,,,,,,1.00 Cr,,,,
2024-10-05,Honesty Stores,196/24-25,27ABIPS0106J1ZP,5437,,,,4855.00 Cr,291.00 Cr,291.00 Cr,,,,,,,
2024-10-05,Carron Clothing Pvt Ltd,197/24-25,27AABCC2448L1ZK,27762,4920.00 Cr,123.00 Cr,123.00 Cr,20174.00 Cr,1211.00 Cr,1211.00 Cr,,,,,,,
2024-10-05,Poonam,198/24-25,27AAPFC2036H2ZG,669,636.00 Cr,16.00 Cr,16.00 Cr,,,,,,1.00 Cr,,,,
2024-10-05,Honesty Stores,199/24-25,27ABIPS0106J1ZP,9730,1000.00 Cr,25.00 Cr,25.00 Cr,7749.00 Cr,465.00 Cr,465.00 Cr,,,1.00 Cr,,,,
2024-10-07,Janta Bazar-Vasai,200/24-25,27AAGFJ8219C1ZG,6603,6289.00 Cr,157.00 Cr,157.00 Cr,,,,,,,,,,
2024-10-07,Apple Kids,201/24-25,27AUIPS6693M1ZK,7601,7239.00 Cr,181.00 Cr,181.00 Cr,,,,,,,,,,
2024-10-07,Kaccha Limboo,202/24-25,27RAXPS9827K1ZZ,7601,7239.00 Cr,181.00 Cr,181.00 Cr,,,,,,,,,,
2024-10-07,Blossom,203/24-25,27AQRPS2494R1ZI,12514,11917.00 Cr,298.00 Cr,298.00 Cr,,,,,,1.00 Cr,,,,
2024-10-08,My Choice-Banglore,204/24-25,29AEUPC3131Q1ZY,8001,,,,,,,,,,,7620.00 Cr,381.00 Cr,
2024-10-08,Sweety Clothing LLP,205/24-25,27AFGFS7469J1Z8,19312,11360.00 Cr,284.00 Cr,284.00 Cr,6592.00 Cr,396.00 Cr,396.00 Cr,,,,,,,
2024-10-08,Puzzle,206/24-25,27AHIPD1472E1ZO,10102,4170.00 Cr,104.00 Cr,104.00 Cr,5110.00 Cr,307.00 Cr,307.00 Cr,,,,,,,
2024-10-08,Baby Zone,207/24-25,24AAOFB5388G1Z6,12858,,,,,,,11480.00 Cr,1378.00 Cr,,,,,
2024-10-08,Tiny Baby,208/24-25,27BABPS1183E1ZT,6998,6664.00 Cr,167.00 Cr,167.00 Cr,,,,,,,,,,
2024-10-09,Tiny Baby,209/24-25,27BABPS1183E1ZT,11699,,,,10445.00 Cr,627.00 Cr,627.00 Cr,,,,,,,
2024-10-10,Harivar,210/24-25,24AADHT8500M1ZY,37412,,,,,,,26260.00 Cr,3151.00 Cr,,,7620.00 Cr,381.00 Cr,
2024-10-10,Patel Selection,211/24-25,24ARWPK9302J1ZC,8001,,,,,,,,,,,7620.00 Cr,381.00 Cr,
2024-10-10,Chamunda Dresses,212/24-25,24AXAPT5346F1ZI,16002,,,,,,,,,,,15240.00 Cr,762.00 Cr,
2024-10-10,Dresswala Nx,213/24-25,24AXFPA6567N1Z6,14336,,,,,,,12800.00 Cr,1536.00 Cr,,,,,
2024-10-10,Bharat Hosiery Mart,214/24-25,24AACFB0421E1ZE,9933,,,,,,,,,,,9460.00 Cr,473.00 Cr,
2024-10-10,Laksh,215/24-25,27AQSPS1074N1ZZ,3234,3080.00 Cr,77.00 Cr,77.00 Cr,,,,,,,,,,
2024-10-10,Carron Clothing Pvt Ltd,216/24-25,27AABCC2448L1ZK,7057,6721.00 Cr,168.00 Cr,168.00 Cr,,,,,,,,,,
2024-10-11,Royal Collection,218/24-25,29DBKPS7583A1Z4,14476,,,,,,,,,,,13787.00 Cr,689.00 Cr,
2024-10-11,Vaishali,217/24-25,24AHPPS1122B1ZR,5987,,,,,,,,,,,5702.00 Cr,285.00 Cr,
2024-10-14,Green Bell,219/24-25,24AAVFG2881N1ZN,12028,,,,,,,,,,,11455.00 Cr,573.00 Cr,
2024-10-14,MAYUR KIDS (JUNAGADH),220/24-25,24ADQPL4979A1ZC,10418,,,,,,,,,,,9922.00 Cr,496.00 Cr,
2024-10-14,Namskar Redymadl-Veraval,221/24-25,24AAVPT2680G1Z7,39388,,,,,,,19770.00 Cr,2372.00 Cr,,,16425.00 Cr,821.00 Cr,
2024-10-14,Chamumda Garments,222/24-25,24AAFFC4194G1ZK,7061,,,,,,,,,,,6725.00 Cr,336.00 Cr,
2024-10-14,Navyug Selection,223/24-25,24ARQPG6894D1ZG,8904,,,,,,,7950.00 Cr,954.00 Cr,,,,,
2024-10-14,Maitrik Fashion Pvt Ltd,224/24-25,27AANCM1610N1Z8,41848,12840.00 Cr,321.00 Cr,321.00 Cr,25326.00 Cr,1520.00 Cr,1520.00 Cr,,,,,,,
2024-10-14,Riyansh Fashion Pin-A-Kin,225/24-25,27AANCR2517B1ZK,37236,11760.00 Cr,294.00 Cr,294.00 Cr,22220.00 Cr,1334.00 Cr,1334.00 Cr,,,,,,,
2024-10-14,Maitrik Fashion Pvt Ltd,226/24-25,27AANCM1610N1Z8,10344,9851.00 Cr,246.00 Cr,246.00 Cr,,,,,,1.00 Cr,,,,
2024-10-14,Namaskar-Jamnager,227/24-25,24ABVPG5320M1ZE,8505,,,,,,,,,,,8100.00 Cr,405.00 Cr,
2024-10-15,Carron Clothing Pvt Ltd,228/24-25,27AABCC2448L1ZK,12209,973.75 Cr,24.00 Cr,24.00 Cr,9989.25 Cr,599.00 Cr,599.00 Cr,,,,,,,
2024-10-15,Poonam,229/24-25,27AAPFC2036H2ZG,12162,5640.00 Cr,141.00 Cr,141.00 Cr,5570.00 Cr,335.00 Cr,335.00 Cr,,,,,,,
2024-10-15,The Jhalak Kalapi Group,230/24-25,24AARFJ4428N1ZT,13284,,,,,,,11860.00 Cr,1424.00 Cr,,,,,
2024-10-15,Angel,231/24-25,24AKFPT5168F1ZZ,12947,,,,,,,7950.00 Cr,954.00 Cr,,,3850.00 Cr,193.00 Cr,
2024-10-15,Harivar,232/24-25,24AADHT8500M1ZY,34231,,,,,,,26260.00 Cr,3151.00 Cr,,,4590.00 Cr,230.00 Cr,
2024-10-15,Carron Clothing Pvt Ltd,233/24-25,27AABCC2448L1ZK,4854,4622.00 Cr,116.00 Cr,116.00 Cr,,,,,,,,,,
2024-10-15,Fantasy Collections,234/24-25,27AAOPP0155D1ZS,10977,1975.00 Cr,49.00 Cr,49.00 Cr,7950.00 Cr,477.00 Cr,477.00 Cr,,,,,,,
2024-10-15,Honey Bunny New Born and Kids Wear,235/24-25,27AHEPP8675M1ZG,14321,13639.00 Cr,341.00 Cr,341.00 Cr,,,,,,,,,,
2024-10-15,POPO-Dombivali,236/24-25,27AVAPP7352D1ZM,6142,5850.00 Cr,146.00 Cr,146.00 Cr,,,,,,,,,,
2024-10-15,Blossom,237/24-25,27AQRPS2494R1ZI,2682,2553.00 Cr,64.00 Cr,64.00 Cr,,,,,,1.00 Cr,,,,
2024-10-15,Tiny Baby,238/24-25,27BABPS1183E1ZT,3644,,,,3253.00 Cr,195.00 Cr,195.00 Cr,,,1.00 Cr,,,,
2024-10-16,Honesty Stores,239/24-25,27ABIPS0106J1ZP,14021,8680.00 Cr,217.00 Cr,217.00 Cr,4382.00 Cr,262.50 Cr,262.50 Cr,,,,,,,
2024-10-16,Trios,240/24-25,27AACFT4028M1ZY,11410,7448.00 Cr,186.00 Cr,186.00 Cr,3206.00 Cr,192.00 Cr,192.00 Cr,,,,,,,
2024-10-16,Airavath Creations,241/24-25,29AZDPB5508L1ZA,13978,,,,,,,12480.00 Cr,1498.00 Cr,,,,,
2024-10-16,Suvidha,242/24-25,27ABCFS5847C1Z5,1145,,,,1023.00 Cr,61.00 Cr,61.00 Cr,,,,,,,
2024-10-16,Jai Jalaram Hosiery,243/24-25,,34332,,,,,,,21030.00 Cr,2524.00 Cr,,,10265.00 Cr,513.00 Cr,
2024-10-16,Pallav-Jamnagar,244/24-25,24AAOFP3575D1Z5,11975,,,,,,,7950.00 Cr,954.00 Cr,,,2925.00 Cr,146.00 Cr,
2024-10-16,Puzzle,245/24-25,27AHIPD1472E1ZO,6831,6505.00 Cr,163.00 Cr,163.00 Cr,,,,,,,,,,
2024-10-16,Penguin Kids & Ladies,246/24-25,27ADJPT1360L1Z5,13198,10360.00 Cr,259.00 Cr,259.00 Cr,2070.00 Cr,125.00 Cr,125.00 Cr,,,,,,,
2024-10-17,Sri Balaj Trends,247/24-25,29BTZPK8286M1Z7,33199,,,,,,,14140.00 Cr,1697.00 Cr,,,16535.00 Cr,827.00 Cr,
2024-10-17,Carron Clothing Pvt Ltd,248/24-25,27AABCC2448L1ZK,20067,,,,17917.00 Cr,1075.00 Cr,1075.00 Cr,,,,,,,
2024-10-17,Next Turn,249/24-25,24CEXPM5282B1Z8,18222,,,,,,,11010.00 Cr,1321.00 Cr,,,5610.00 Cr,281.00 Cr,
2024-10-17,Harivar,250/24-25,24AADHT8500M1ZY,10962,,,,,,,,,,,10440.00 Cr,522.00 Cr,
2024-10-18,Shopper Plaza,251/24-25,03ABAFS1288D1ZK,30201,,,,,,,26965.00 Cr,3236.00 Cr,,,,,
2024-10-18,Guru Nanak Garments-Punjab,252/24-25,03AEWPM6690L1ZO,25010,,,,,,,22330.00 Cr,2680.00 Cr,,,,,
2024-10-18,Spice,253/24-25,27AHPPJ7298H1ZL,32021,4400.00 Cr,110.00 Cr,110.00 Cr,24465.00 Cr,1468.00 Cr,1468.00 Cr,,,,,,,
2024-10-18,Merry King Garments,254/24-25,03AAOFM9067D1Z5,15141,,,,,,,13519.00 Cr,1622.00 Cr,,,,,
2024-10-18,Harbans Singh & Sons,255/24-25,03BAFPS4129C2Z2,13200,,,,,,,11250.00 Cr,1350.00 Cr,,600.00 Cr,,,
2024-10-18,Blossom,256/24-25,27AQRPS2494R1ZI,6368,,,,5685.00 Cr,341.00 Cr,341.00 Cr,,,1.00 Cr,,,,
2024-10-18,Honesty Stores,257/24-25,27ABIPS0106J1ZP,7858,,,,7015.00 Cr,421.00 Cr,421.00 Cr,,,1.00 Cr,,,,
2024-10-18,Stop N Shop,258/24-25,27AOFPS2660M1ZG,13557,,,,12105.00 Cr,726.00 Cr,726.00 Cr,,,,,,,
2024-10-18,Apple Kids,259/24-25,27AUIPS6693M1ZK,9237,8797.00 Cr,220.00 Cr,220.00 Cr,,,,,,,,,,
2024-10-19,Carron Clothing Pvt Ltd,260/24-25,27AABCC2448L1ZK,4268,,,,3810.00 Cr,229.00 Cr,229.00 Cr,,,,,,,
2024-10-19,Pawan Fashion,261/24-25,03AKXPA9671J1ZN,37010,,,,,,,33045.00 Cr,3965.00 Cr,,,,,
2024-10-19,Baby's World,262/24-25,24ANCPN9399J1ZC,25149,,,,,,,18845.00 Cr,2261.00 Cr,,,3850.00 Cr,193.00 Cr,
2024-10-19,Poshak-Rajkot,263/24-25,24AAGFP1352E1ZO,13319,,,,,,,9150.00 Cr,1098.00 Cr,,,2925.00 Cr,146.00 Cr,
2024-10-19,Mysore Emporium,264/24-25,29AADFM5917D1ZB,30201,,,,,,,23290.00 Cr,2795.00 Cr,,,3920.00 Cr,196.00 Cr,
2024-10-19,Stop N Shop Plus,265/24-25,27BMKPS5659C1ZM,26442,3840.00 Cr,96.00 Cr,96.00 Cr,20010.00 Cr,1200.00 Cr,1200.00 Cr,,,,,,,
2024-10-19,Stop N Shop Plus,266/24-25,27BMKPS5659C1ZM,31016,12880.00 Cr,322.00 Cr,322.00 Cr,15620.00 Cr,936.00 Cr,936.00 Cr,,,,,,,
2024-10-20,Tiny Baby,267/24-25,27BABPS1183E1ZT,18762,1920.00 Cr,48.00 Cr,48.00 Cr,14952.00 Cr,897.00 Cr,897.00 Cr,,,,,,,
2024-10-21,Satyam Kids Wear-Durg,268/24-25,22ACYFS7221F1ZX,44859,,,,,,,35350.00 Cr,4242.00 Cr,,,5016.00 Cr,251.00 Cr,
2024-10-21,MAYUR KIDS (JUNAGADH),269/24-25,24ADQPL4979A1ZC,64460,,,,,,,,,,,61390.00 Cr,3070.00 Cr,
2024-10-21,Carron Clothing Pvt Ltd,270/24-25,27AABCC2448L1ZK,4383,4175.00 Cr,104.00 Cr,104.00 Cr,,,,,,,,,,
2024-10-21,Sheetal Kids Wear,271/24-25,27AACPW1100F1Z6,5890,5610.00 Cr,140.00 Cr,140.00 Cr,,,,,,,,,,
2024-10-21,Maitrik Fashion Pvt Ltd,272/24-25,27AANCM1610N1Z8,19606,9500.00 Cr,238.00 Cr,238.00 Cr,8598.00 Cr,516.00 Cr,516.00 Cr,,,,,,,
2024-10-21,Riyansh Fashion Pin-A-Kin,273/24-25,27AANCR2517B1ZK,57864,5850.00 Cr,146.00 Cr,146.00 Cr,46180.00 Cr,2771.00 Cr,2771.00 Cr,,,,,,,
2024-10-21,Maitrik Fashion Pvt Ltd,274/24-25,27AANCM1610N1Z8,50413,9520.00 Cr,238.00 Cr,238.00 Cr,36084.00 Cr,2166.00 Cr,2166.00 Cr,,,1.00 Cr,,,,
2024-10-21,Pummy Fashion,275/24-25,24AACFP5050H1ZJ,11620,,,,,,,10375.00 Cr,1245.00 Cr,,,,,
2024-10-21,Pummy Kids,276/24-25,24AAIFP6574C1Z8,19869,,,,,,,17740.00 Cr,2129.00 Cr,,,,,
2024-10-21,Blossom,277/24-25,27AQRPS2494R1ZI,20122,6520.00 Cr,163.00 Cr,163.00 Cr,11852.00 Cr,712.00 Cr,712.00 Cr,,,,,,,
2024-10-21,Honesty Stores,278/24-25,27ABIPS0106J1ZP,54973,8600.00 Cr,215.00 Cr,215.00 Cr,41018.00 Cr,2462.00 Cr,2462.00 Cr,,,1.00 Cr,,,,
2024-10-21,Janta Bazar-Vasai,279/24-25,27AAGFJ8219C1ZG,21157,,,,18890.00 Cr,1133.00 Cr,1133.00 Cr,,,1.00 Cr,,,,
2024-10-21,Spice,280/24-25,27AHPPJ7298H1ZL,18055,4400.00 Cr,110.00 Cr,110.00 Cr,11995.00 Cr,720.00 Cr,720.00 Cr,,,,,,,
2024-10-22,Dresswala Nx,281/24-25,24AXFPA6567N1Z6,12880,,,,,,,11500.00 Cr,1380.00 Cr,,,,,
2024-10-22,Namskar Redymadl-Veraval,282/24-25,24AAVPT2680G1Z7,22607,,,,,,,20185.00 Cr,2422.00 Cr,,,,,
2024-10-22,Angel,283/24-25,24AKFPT5168F1ZZ,18032,,,,,,,16100.00 Cr,1932.00 Cr,,,,,
2024-10-22,Vaishali,284/24-25,24AHPPS1122B1ZR,10102,,,,,,,9020.00 Cr,1082.00 Cr,,,,,
2024-10-22,Kalapi Nx,285/24-25,27AASFK2634G1Z4,43318,1947.50 Cr,49.00 Cr,49.00 Cr,36850.50 Cr,2211.00 Cr,2211.00 Cr,,,,,,,
2024-10-22,Stop N Shop,286/24-25,27AOFPS2660M1ZG,43844,1960.00 Cr,49.00 Cr,49.00 Cr,37310.00 Cr,2238.00 Cr,2238.00 Cr,,,,,,,
2024-10-22,New Clothes Club,287/24-25,24AAQFN0597D1Z5,34879,,,,,,,27415.00 Cr,3290.00 Cr,,,3975.00 Cr,199.00 Cr,
2024-10-22,Janta Bazar-Nallasopara,288/24-25,27AAGFJ8219C1ZG,18817,,,,16801.00 Cr,1008.00 Cr,1008.00 Cr,,,,,,,
2024-10-22,Sweety Clothing LLP,289/24-25,27AFGFS7469J1Z8,8826,,,,7880.00 Cr,473.00 Cr,473.00 Cr,,,,,,,
2024-10-22,Puzzle,290/24-25,27AHIPD1472E1ZO,22495,,,,20085.00 Cr,1205.00 Cr,1205.00 Cr,,,,,,,
2024-10-22,Apple Kids,291/24-25,27AUIPS6693M1ZK,17131,,,,15295.00 Cr,918.00 Cr,918.00 Cr,,,,,,,
2024-10-23,Suvidha,292/24-25,27ABCFS5847C1Z5,4895,,,,4371.00 Cr,262.00 Cr,262.00 Cr,,,,,,,
2024-10-23,Baby Zone,293/24-25,24AAOFB5388G1Z6,38379,,,,,,,31525.00 Cr,3783.00 Cr,,,2925.00 Cr,146.00 Cr,
2024-10-23,Jay Jalaram Family Mall,294/24-25,24AARFJ9924F1ZZ,10472,,,,,,,9350.00 Cr,1122.00 Cr,,,,,
2024-10-23,Chamumda Garments,295/24-25,24AAFFC4194G1ZK,6933,,,,,,,6190.00 Cr,743.00 Cr,,,,,
2024-10-23,Pallav-Jamnagar,296/24-25,24AAOFP3575D1Z5,24304,,,,,,,21700.00 Cr,2604.00 Cr,,,,,
2024-10-23,K.P.Junction,297/24-25,24AAKFK0304M1ZI,17567,,,,,,,15685.00 Cr,1882.00 Cr,,,,,
2024-10-23,Kaccha Limboo,298/24-25,27RAXPS9827K1ZZ,17131,,,,15295.00 Cr,918.00 Cr,918.00 Cr,,,,,,,
2024-10-23,Honey Bunny New Born and Kids Wear,299/24-25,27AHEPP8675M1ZG,20642,,,,18430.00 Cr,1106.00 Cr,1106.00 Cr,,,,,,,
2024-10-23,Laksh,300/24-25,27AQSPS1074N1ZZ,12062,,,,10770.00 Cr,646.00 Cr,646.00 Cr,,,,,,,
2024-10-23,Tiny Baby,301/24-25,27BABPS1183E1ZT,21955,1960.00 Cr,49.00 Cr,49.00 Cr,17766.00 Cr,1065.50 Cr,1065.50 Cr,,,,,,,
2024-10-23,Janta Bazar-Nallasopara,302/24-25,27AAGFJ8219C1ZG,4630,4410.00 Cr,110.00 Cr,110.00 Cr,,,,,,,,,,
2024-10-23,Suvidha,303/24-25,27ABCFS5847C1Z5,14045,,,,12541.00 Cr,752.00 Cr,752.00 Cr,,,,,,,
2024-10-23,Honesty Stores,304/24-25,27ABIPS0106J1ZP,1309,,,,1168.00 Cr,70.00 Cr,70.00 Cr,,,1.00 Cr,,,,
2024-10-24,Riyansh Fashion Pin-A-Kin,305/24-25,27AANCR2517B1ZK,70802,45453.00 Cr,1136.00 Cr,1136.00 Cr,20606.00 Cr,1236.00 Cr,1236.00 Cr,,,1.00 Dr,,,,
2024-10-24,Maitrik Fashion Pvt Ltd,306/24-25,27AANCM1610N1Z8,72841,49440.00 Cr,1236.00 Cr,1236.00 Cr,18684.00 Cr,1122.00 Cr,1122.00 Cr,,,1.00 Cr,,,,
2024-10-24,Blossom,307/24-25,27AQRPS2494R1ZI,20814,19821.00 Cr,496.00 Cr,496.00 Cr,,,,,,1.00 Cr,,,,
2024-10-25,Tiny Baby,308/24-25,27BABPS1183E1ZT,23962,,,,21394.00 Cr,1284.00 Cr,1284.00 Cr,,,,,,,
2024-10-25,Namskar Redymadl-Veraval,309/24-25,24AAVPT2680G1Z7,8970,,,,,,,7875.00 Cr,945.00 Cr,,150.00 Cr,,,
2024-10-25,59 Colours,310/24-25,03CKQPS9924M1Z8,1366,,,,,,,1175.00 Cr,141.00 Cr,,50.00 Cr,,,
2024-10-25,Pummy Kids,311/24-25,24AAIFP6574C1Z8,1100,,,,,,,,,,50.00 Cr,1000.00 Cr,50.00 Cr,
2024-10-25,Riyansh Fashion Pin-A-Kin,312/24-25,27AANCR2517B1ZK,803,765.00 Cr,19.00 Cr,19.00 Cr,,,,,,,,,,
2024-10-25,Carron Clothing Pvt Ltd,313/24-25,27AABCC2448L1ZK,16327,1971.00 Cr,49.00 Cr,49.00 Cr,12730.00 Cr,764.00 Cr,764.00 Cr,,,,,,,
2024-10-25,Riyansh Fashion Pin-A-Kin,314/24-25,27AANCR2517B1ZK,100603,33274.00 Cr,832.00 Cr,832.00 Cr,58629.00 Cr,3518.00 Cr,3518.00 Cr,,,,,,,
2024-10-25,Maitrik Fashion Pvt Ltd,315/24-25,27AANCM1610N1Z8,94964,32205.00 Cr,805.00 Cr,805.00 Cr,54597.00 Cr,3276.00 Cr,3276.00 Cr,,,,,,,
2024-10-25,Suvidha,316/24-25,27ABCFS5847C1Z5,2395,,,,2139.00 Cr,128.00 Cr,128.00 Cr,,,,,,,
2024-10-25,Tiny Baby,317/24-25,27BABPS1183E1ZT,4270,4066.00 Cr,102.00 Cr,102.00 Cr,,,,,,,,,,
2024-10-25,Stop N Shop,318/24-25,27AOFPS2660M1ZG,26731,8280.00 Cr,207.00 Cr,207.00 Cr,16105.00 Cr,966.00 Cr,966.00 Cr,,,,,,,
2024-10-26,Trios,319/24-25,27AACFT4028M1ZY,13495,4303.50 Cr,108.00 Cr,108.00 Cr,8013.50 Cr,481.00 Cr,481.00 Cr,,,,,,,
2024-10-26,Stop N Shop Plus,320/24-25,27BMKPS5659C1ZM,17230,12720.00 Cr,318.00 Cr,318.00 Cr,3460.00 Cr,207.00 Cr,207.00 Cr,,,,,,,
2024-10-26,Maitrik the Baby's Paradise,321/24-25,27AAGFM6760K1ZU,28787,27417.00 Cr,685.00 Cr,685.00 Cr,,,,,,,,,,
2024-10-26,Sheetal Kids Wear,322/24-25,27AACPW1100F1Z6,16925,16118.00 Cr,403.00 Cr,403.00 Cr,,,,,,1.00 Cr,,,,
2024-10-26,Riyansh Fashion Pin-A-Kin,323/24-25,27AANCR2517B1ZK,11178,,,,9980.00 Cr,599.00 Cr,599.00 Cr,,,,,,,
2024-10-26,Maitrik Fashion Pvt Ltd,324/24-25,27AANCM1610N1Z8,11178,,,,9980.00 Cr,599.00 Cr,599.00 Cr,,,,,,,
2024-10-26,Chocolate Fashion,325/24-25,27AARFC2730J1Z9,8002,7620.00 Cr,191.00 Cr,191.00 Cr,,,,,,,,,,
2024-10-26,Spice,326/24-25,27AHPPJ7298H1ZL,22233,21175.00 Cr,529.00 Cr,529.00 Cr,,,,,,,,,,
2024-10-26,Penguin Kids & Ladies,327/24-25,27ADJPT1360L1Z5,8699,8285.00 Cr,207.00 Cr,207.00 Cr,,,,,,,,,,
2024-10-26,POPO-Dombivali,328/24-25,27AVAPP7352D1ZM,8699,8285.00 Cr,207.00 Cr,207.00 Cr,,,,,,,,,,
2024-10-26,Kalapi Nx,329/24-25,27AASFK2634G1Z4,35175,,,,31407.00 Cr,1884.00 Cr,1884.00 Cr,,,,,,,
2024-10-26,Blossom,330/24-25,27AQRPS2494R1ZI,6701,6381.00 Cr,160.00 Cr,160.00 Cr,,,,,,,,,,
2024-10-28,Carron Clothing Pvt Ltd,331/24-25,27AABCC2448L1ZK,7057,6721.00 Cr,168.00 Cr,168.00 Cr,,,,,,,,,,
2024-10-28,Harivar,332/24-25,24AADHT8500M1ZY,1942,,,,,,,1645.00 Cr,197.00 Cr,,100.00 Cr,,,
2024-10-28,Sweety Clothing LLP,333/24-25,27AFGFS7469J1Z8,16050,,,,14330.00 Cr,860.00 Cr,860.00 Cr,,,,,,,
2024-10-28,Trend Setter,334/24-25,27AAFPS2786N1ZW,12678,,,,11320.00 Cr,679.00 Cr,679.00 Cr,,,,,,,
2024-10-28,Trios,335/24-25,27AACFT4028M1ZY,7639,,,,6821.00 Cr,409.00 Cr,409.00 Cr,,,,,,,
2024-10-28,Penguin Kids & Ladies,336/24-25,27ADJPT1360L1Z5,9325,3960.00 Cr,99.00 Cr,99.00 Cr,4615.00 Cr,276.00 Cr,276.00 Cr,,,,,,,
2024-10-28,Blossom,337/24-25,27AQRPS2494R1ZI,6613,6298.00 Cr,157.00 Cr,157.00 Cr,,,,,,1.00 Cr,,,,
2024-10-28,Honesty Stores,338/24-25,27ABIPS0106J1ZP,15622,13640.00 Cr,341.00 Cr,341.00 Cr,1160.00 Cr,70.00 Cr,70.00 Cr,,,,,,,
2024-10-29,Laksh,339/24-25,27AQSPS1074N1ZZ,18256,,,,16300.00 Cr,978.00 Cr,978.00 Cr,,,,,,,
2024-10-29,Shahenshah Childrens Wear,340/24-25,27AESPD4014P1Z5,16218,,,,14480.00 Cr,869.00 Cr,869.00 Cr,,,,,,,
2024-10-29,Trios,341/24-25,27AACFT4028M1ZY,18373,17499.00 Cr,437.00 Cr,437.00 Cr,,,,,,,,,,
2024-10-30,Kaccha Limboo,342/24-25,27RAXPS9827K1ZZ,9630,,,,8597.00 Cr,516.00 Cr,516.00 Cr,,,1.00 Cr,,,,
2024-10-30,Apple Kids,343/24-25,27AUIPS6693M1ZK,9236,,,,8246.00 Cr,495.00 Cr,495.00 Cr,,,,,,,
2024-10-30,Carron Clothing Pvt Ltd,344/24-25,27AABCC2448L1ZK,12879,12265.00 Cr,307.00 Cr,307.00 Cr,,,,,,,,,,
2024-10-30,Dresswala Nx,345/24-25,24AXFPA6567N1Z6,1546,,,,,,,1380.00 Cr,166.00 Cr,,,,,
2024-10-30,Tiny Baby,346/24-25,27BABPS1183E1ZT,11263,4760.00 Cr,119.00 Cr,119.00 Cr,5595.00 Cr,335.00 Cr,335.00 Cr,,,,,,,
2024-10-31,Honesty Stores,347/24-25,27ABIPS0106J1ZP,3312,3154.00 Cr,79.00 Cr,79.00 Cr,,,,,,,,,,
2024-11-02,Honesty Stores,348/24-25,27ABIPS0106J1ZP,15141,,,,13518.00 Cr,811.00 Cr,811.00 Cr,,,1.00 Cr,,,,
2024-11-05,Carron Clothing Pvt Ltd,349/24-25,27AABCC2448L1ZK,20784,,,,18558.00 Cr,1113.00 Cr,1113.00 Cr,,,,,,,
2024-11-05,Suvidha,350/24-25,27ABCFS5847C1Z5,1506,,,,1343.00 Cr,81.00 Cr,81.00 Cr,,,1.00 Cr,,,,
2024-11-06,Kalapi Nx,351/24-25,27AASFK2634G1Z4,35734,,,,31906.00 Cr,1914.00 Cr,1914.00 Cr,,,,,,,
2024-11-07,Jainsons-New Delhi,353/24-25,07AESPJ3039E1ZH,28714,,,,,,,20350.00 Cr,2442.00 Cr,,,5640.00 Cr,282.00 Cr,
2024-11-07,Sagar,352/24-25,27AABPT1293K1ZD,15141,,,,13519.00 Cr,811.00 Cr,811.00 Cr,,,,,,,
2024-11-08,Tiny Baby,359/24-25,27BABPS1183E1ZT,12247,,,,10935.00 Cr,656.00 Cr,656.00 Cr,,,,,,,
2024-11-08,Shahenshah Childrens Wear,358/24-25,27AESPD4014P1Z5,7448,,,,6650.00 Cr,399.00 Cr,399.00 Cr,,,,,,,
2024-11-08,Kalapi Nx,357/24-25,27AASFK2634G1Z4,36966,3895.00 Cr,97.00 Cr,97.00 Cr,29355.00 Cr,1761.00 Cr,1761.00 Cr,,,,,,,
2024-11-08,Janta Bazar-Vasai,356/24-25,27AAGFJ8219C1ZG,30281,,,,27037.00 Cr,1622.00 Cr,1622.00 Cr,,,,,,,
2024-11-08,Janta Bazar-Nallasopara,355/24-25,27AAGFJ8219C1ZG,30281,,,,27037.00 Cr,1622.00 Cr,1622.00 Cr,,,,,,,
2024-11-08,Puzzle,354/24-25,27AHIPD1472E1ZO,18032,,,,16100.00 Cr,966.00 Cr,966.00 Cr,,,,,,,
2024-11-09,Penguin Kids & Ladies,366/24-25,27ADJPT1360L1Z5,7180,,,,6410.00 Cr,385.00 Cr,385.00 Cr,,,,,,,
2024-11-09,Sweety Clothing LLP,363/24-25,27AFGFS7469J1Z8,4173,3975.00 Cr,99.00 Cr,99.00 Cr,,,,,,,,,,
2024-11-09,Blossom,364/24-25,27AQRPS2494R1ZI,19368,3360.00 Cr,84.00 Cr,84.00 Cr,14143.00 Cr,848.50 Cr,848.50 Cr,,,,,,,
2024-11-09,Carron Clothing Pvt Ltd,365/24-25,27AABCC2448L1ZK,24904,1520.00 Cr,38.00 Cr,38.00 Cr,20809.00 Cr,1249.00 Cr,1249.00 Cr,,,1.00 Cr,,,,
2024-11-09,Apple Kids,362/24-25,27AUIPS6693M1ZK,17390,6085.00 Cr,152.00 Cr,152.00 Cr,9823.00 Cr,589.00 Cr,589.00 Cr,,,,,,,
2024-11-09,Smiley,361/24-25,27CBLPG6843D1ZL,8909,,,,7955.00 Cr,477.00 Cr,477.00 Cr,,,,,,,
2024-11-09,Suvidha,360/24-25,27ABCFS5847C1Z5,12224,,,,10913.00 Cr,655.00 Cr,655.00 Cr,,,1.00 Cr,,,,
2024-11-11,Kalapi Nx,369/24-25,27AASFK2634G1Z4,3395,,,,3031.00 Cr,182.00 Cr,182.00 Cr,,,,,,,
2024-11-11,Suvidha,370/24-25,27ABCFS5847C1Z5,23696,,,,21157.00 Cr,1269.00 Cr,1269.00 Cr,,,1.00 Cr,,,,
2024-11-11,Stop N Shop,368/24-25,27AOFPS2660M1ZG,36237,,,,32355.00 Cr,1941.00 Cr,1941.00 Cr,,,,,,,
2024-11-11,Kids Camp,367/24-25,27ABTPB7911K1ZA,8293,,,,7405.00 Cr,444.00 Cr,444.00 Cr,,,,,,,
2024-11-12,Sri Balaj Trends,381/24-25,29BTZPK8286M1Z7,32256,,,,,,,28800.00 Cr,3456.00 Cr,,,,,
2024-11-12,Royal Collection,380/24-25,29DBKPS7583A1Z4,24276,,,,,,,21675.00 Cr,2601.00 Cr,,,,,
2024-11-12,Baby Zone,379/24-25,24AAOFB5388G1Z6,13714,,,,,,,12245.00 Cr,1469.00 Cr,,,,,
2024-11-12,Harivar,378/24-25,24AADHT8500M1ZY,57182,,,,,,,51055.00 Cr,6127.00 Cr,,,,,
2024-11-12,Kalapi Nx,376/24-25,27AASFK2634G1Z4,1202,,,,1074.00 Cr,64.00 Cr,64.00 Cr,,,,,,,
2024-11-12,Stop N Shop Plus,375/24-25,27BMKPS5659C1ZM,23044,1840.00 Cr,46.00 Cr,46.00 Cr,18850.00 Cr,1131.00 Cr,1131.00 Cr,,,,,,,
2024-11-12,Poonam,374/24-25,27AAPFC2036H2ZG,8666,,,,7738.00 Cr,464.00 Cr,464.00 Cr,,,,,,,
2024-11-12,Carron Clothing Pvt Ltd,373/24-25,27AABCC2448L1ZK,13089,589.00 Cr,15.00 Cr,15.00 Cr,11134.00 Cr,668.00 Cr,668.00 Cr,,,,,,,
2024-11-12,Kalapi Nx,372/24-25,27AASFK2634G1Z4,22477,,,,20069.00 Cr,1204.00 Cr,1204.00 Cr,,,,,,,
2024-11-12,Trend Setter,371/24-25,27AAFPS2786N1ZW,14896,,,,13300.00 Cr,798.00 Cr,798.00 Cr,,,,,,,
2024-11-12,MAYUR KIDS (JUNAGADH),377/24-25,24ADQPL4979A1ZC,1780,,,,,,,1500.00 Cr,180.00 Cr,,100.00 Cr,,,
2024-11-13,Tiny Baby,385/24-25,27BABPS1183E1ZT,8788,8370.00 Cr,209.00 Cr,209.00 Cr,,,,,,,,,,
2024-11-13,Kids Zone-Kalbadevi,384/24-25,27AIYPB2790A1Z8,16663,,,,14877.00 Cr,893.00 Cr,893.00 Cr,,,,,,,
2024-11-13,Khurana Fashions,383/24-25,07AANFK6196L1ZJ,60747,,,,,,,45285.00 Cr,5434.00 Cr,,,9550.00 Cr,478.00 Cr,
2024-11-13,MAYUR KIDS (JUNAGADH),382/24-25,24ADQPL4979A1ZC,24646,,,,,,,22005.00 Cr,2641.00 Cr,,,,,
2024-11-15,Suvidha,387/24-25,27ABCFS5847C1Z5,1490,,,,1330.00 Cr,80.00 Cr,80.00 Cr,,,,,,,
2024-11-15,Kalapi Nx,386/24-25,27AASFK2634G1Z4,2645,,,,2361.00 Cr,142.00 Cr,142.00 Cr,,,,,,,
2024-11-16,Stop N Shop,396/24-25,27AOFPS2660M1ZG,17097,,,,15265.00 Cr,916.00 Cr,916.00 Cr,,,,,,,
2024-11-16,Navyug Selection,395/24-25,24ARQPG6894D1ZG,47471,,,,,,,42385.00 Cr,5086.00 Cr,,,,,
2024-11-16,Kaccha Limboo,394/24-25,27RAXPS9827K1ZZ,9490,,,,8474.00 Cr,508.00 Cr,508.00 Cr,,,,,,,
2024-11-16,Riyansh Fashion Pin-A-Kin,393/24-25,27AANCR2517B1ZK,32753,5586.00 Cr,140.00 Cr,140.00 Cr,24006.50 Cr,1440.00 Cr,1440.00 Cr,,,0.50 Cr,,,,
2024-11-16,Maitrik the Baby's Paradise,392/24-25,27AAGFM6760K1ZU,24952,,,,22278.00 Cr,1337.00 Cr,1337.00 Cr,,,,,,,
2024-11-16,Chocolate Fashion,391/24-25,27AARFC2730J1Z9,20238,,,,18070.00 Cr,1084.00 Cr,1084.00 Cr,,,,,,,
2024-11-16,Maitrik Fashion Pvt Ltd,390/24-25,27AANCM1610N1Z8,32753,5586.00 Cr,140.00 Cr,140.00 Cr,24007.00 Cr,1440.00 Cr,1440.00 Cr,,,,,,,
2024-11-16,Trend Setter,389/24-25,27AAFPS2786N1ZW,17197,,,,15355.00 Cr,921.00 Cr,921.00 Cr,,,,,,,
2024-11-16,Suvidha,388/24-25,27ABCFS5847C1Z5,2907,,,,2595.00 Cr,156.00 Cr,156.00 Cr,,,,,,,
2024-11-18,Poshak-Rajkot,410/24-25,24AAGFP1352E1ZO,15938,,,,,,,14230.00 Cr,1708.00 Cr,,,,,
2024-11-18,Pummy Kids,409/24-25,24AAIFP6574C1Z8,8943,,,,,,,7985.00 Cr,958.00 Cr,,,,,
2024-11-18,Next Turn,408/24-25,24CEXPM5282B1Z8,23766,,,,,,,21220.00 Cr,2546.00 Cr,,,,,
2024-11-18,Dresswala Collection-Rajkot,407/24-25,24ADCPA4778J1ZL,12074,,,,,,,10780.00 Cr,1294.00 Cr,,,,,
2024-11-18,K.P.Junction,406/24-25,24AAKFK0304M1ZI,7958,,,,,,,7105.00 Cr,853.00 Cr,,,,,
2024-11-18,Patel Selection,405/24-25,24ARWPK9302J1ZC,8943,,,,,,,7985.00 Cr,958.00 Cr,,,,,
2024-11-18,Jay Jalaram Family Mall,404/24-25,24AARFJ9924F1ZZ,9330,,,,,,,8330.00 Cr,1000.00 Cr,,,,,
2024-11-18,Carron Clothing Pvt Ltd,403/24-25,27AABCC2448L1ZK,20412,11172.00 Cr,279.00 Cr,279.00 Cr,7752.00 Cr,465.00 Cr,465.00 Cr,,,,,,,
2024-11-18,Dresswala Nx,402/24-25,24AXFPA6567N1Z6,15086,,,,,,,13470.00 Cr,1616.00 Cr,,,,,
2024-11-18,Pummy Fashion,401/24-25,24AACFP5050H1ZJ,10287,,,,,,,9185.00 Cr,1102.00 Cr,,,,,
2024-11-18,New Clothes Club,400/24-25,24AAQFN0597D1Z5,20171,,,,,,,18010.00 Cr,2161.00 Cr,,,,,
2024-11-18,Harivar,399/24-25,24AADHT8500M1ZY,31875,,,,,,,28460.00 Cr,3415.00 Cr,,,,,
2024-11-18,Suvidha,398/24-25,27ABCFS5847C1Z5,4927,,,,4399.00 Cr,264.00 Cr,264.00 Cr,,,,,,,
2024-11-18,Spice,397/24-25,27AHPPJ7298H1ZL,15938,,,,14230.00 Cr,854.00 Cr,854.00 Cr,,,,,,,
2024-11-19,Shopper Plaza,419/24-25,03ABAFS1288D1ZK,14151,,,,,,,12635.00 Cr,1516.00 Cr,,,,,
2024-11-19,Carron Clothing Pvt Ltd,418/24-25,27AABCC2448L1ZK,17413,,,,15547.00 Cr,933.00 Cr,933.00 Cr,,,,,,,
2024-11-19,Khurana Fashions,417/24-25,07AANFK6196L1ZJ,26716,,,,,,,12425.00 Cr,1491.00 Cr,,,12190.00 Cr,610.00 Cr,
2024-11-19,Harivar,416/24-25,24AADHT8500M1ZY,1562,,,,,,,1305.00 Cr,157.00 Cr,,100.00 Cr,,,
2024-11-19,Nice & Next,415/24-25,24AGGPT1305B1Z0,34289,,,,,,,30615.00 Cr,3674.00 Cr,,,,,
2024-11-19,Honesty Stores,414/24-25,27ABIPS0106J1ZP,52371,8831.20 Cr,221.00 Cr,221.00 Cr,38479.75 Cr,2309.00 Cr,2309.00 Cr,,,0.05 Cr,,,,
2024-11-19,Angel,413/24-25,24AKFPT5168F1ZZ,15938,,,,,,,14230.00 Cr,1708.00 Cr,,,,,
2024-11-19,Suvidha,412/24-25,27ABCFS5847C1Z5,3124,,,,2790.00 Cr,167.00 Cr,167.00 Cr,,,,,,,
2024-11-19,Tiny Baby,411/24-25,27BABPS1183E1ZT,26228,,,,23417.50 Cr,1405.00 Cr,1405.00 Cr,,,0.50 Cr,,,,
2024-11-20,Carron Clothing Pvt Ltd,426/24-25,27AABCC2448L1ZK,35894,,,,32048.00 Cr,1923.00 Cr,1923.00 Cr,,,,,,,
2024-11-20,Tiny Baby,425/24-25,27BABPS1183E1ZT,11753,,,,10493.00 Cr,630.00 Cr,630.00 Cr,,,,,,,
2024-11-20,Janta Bazar-Vasai,424/24-25,27AAGFJ8219C1ZG,35601,,,,31787.00 Cr,1907.00 Cr,1907.00 Cr,,,,,,,
2024-11-20,Janta Bazar-Nallasopara,423/24-25,27AAGFJ8219C1ZG,23569,,,,21042.50 Cr,1263.00 Cr,1263.00 Cr,,,0.50 Cr,,,,
2024-11-20,Kaccha Limboo,422/24-25,27RAXPS9827K1ZZ,11848,,,,10578.00 Cr,635.00 Cr,635.00 Cr,,,,,,,
2024-11-20,Apple Kids,421/24-25,27AUIPS6693M1ZK,11848,,,,10578.00 Cr,635.00 Cr,635.00 Cr,,,,,,,
2024-11-20,Penguin Kids & Ladies,420/24-25,27ADJPT1360L1Z5,12819,,,,11445.00 Cr,687.00 Cr,687.00 Cr,,,,,,,
2024-11-21,Kidz Zone,433/24-25,27ACWPP0079J1ZW,4492,,,,4010.00 Cr,241.00 Cr,241.00 Cr,,,,,,,
2024-11-21,Culture,432/24-25,27AJCPC0931F1ZU,4615,4395.00 Cr,110.00 Cr,110.00 Cr,,,,,,,,,,
2024-11-21,Mysore Emporium,431/24-25,29AADFM5917D1ZB,25290,,,,,,,22580.00 Cr,2710.00 Cr,,,,,
2024-11-21,Shree Shagun-Mira Road,430/24-25,27AQXPR6869F1ZR,21292,,,,19010.00 Cr,1141.00 Cr,1141.00 Cr,,,,,,,
2024-11-21,Shahenshah Childrens Wear,429/24-25,27AESPD4014P1Z5,3852,,,,3440.00 Cr,206.00 Cr,206.00 Cr,,,,,,,
2024-11-21,Sagar,428/24-25,27AABPT1293K1ZD,11848,,,,10578.25 Cr,635.00 Cr,635.00 Cr,,,0.25 Dr,,,,
2024-11-21,Trios,427/24-25,27AACFT4028M1ZY,8177,,,,7301.00 Cr,438.00 Cr,438.00 Cr,,,,,,,
2024-11-22,Honey Bunny New Born and Kids Wear,438/24-25,27AHEPP8675M1ZG,8517,,,,7605.00 Cr,456.00 Cr,456.00 Cr,,,,,,,
2024-11-22,Kalapi Nx,437/24-25,27AASFK2634G1Z4,3616,3443.75 Cr,86.00 Cr,86.00 Cr,,,,,,0.25 Cr,,,,
2024-11-22,Parichay Department Stores Pvt Ltd,436/24-25,27AADCP6306N1Z4,22617,3850.00 Cr,96.00 Cr,96.00 Cr,16585.00 Cr,995.00 Cr,995.00 Cr,,,,,,,
2024-11-22,Trios,435/24-25,27AACFT4028M1ZY,11024,,,,9842.00 Cr,591.00 Cr,591.00 Cr,,,,,,,
2024-11-22,Suvidha,434/24-25,27ABCFS5847C1Z5,2802,,,,2502.00 Cr,150.00 Cr,150.00 Cr,,,,,,,
2024-11-22,Carron Clothing Pvt Ltd,439/24-25,27AABCC2448L1ZK,11245,1000.00 Cr,25.00 Cr,25.00 Cr,9103.00 Cr,546.00 Cr,546.00 Cr,,,,,,,
2024-11-23,Kalapi Nx,440/24-25,27AASFK2634G1Z4,12162,5628.75 Cr,141.00 Cr,141.00 Cr,5581.25 Cr,335.00 Cr,335.00 Cr,,,,,,,
2024-11-26,Honesty Stores,444/24-25,27ABIPS0106J1ZP,4182,,,,3733.50 Cr,224.00 Cr,224.00 Cr,,,0.50 Cr,,,,
2024-11-26,Vividh Collection,443/24-25,27AASFV0685N1Z7,11848,,,,10578.25 Cr,635.00 Cr,635.00 Cr,,,0.25 Dr,,,,
2024-11-26,Blossom,442/24-25,27AQRPS2494R1ZI,12025,3182.50 Cr,80.00 Cr,80.00 Cr,7752.00 Cr,465.00 Cr,465.00 Cr,,,0.50 Cr,,,,
2024-11-26,Suvidha,441/24-25,27ABCFS5847C1Z5,24769,5649.75 Cr,141.00 Cr,141.00 Cr,16819.05 Cr,1009.00 Cr,1009.00 Cr,,,0.20 Cr,,,,
2024-11-27,Maitrik Fashion Pvt Ltd,446/24-25,27AANCM1610N1Z8,1880,,,,1634.00 Cr,98.00 Cr,98.00 Cr,,,,50.00 Cr,,,
2024-11-27,Kalpana Apparels-Mulund,445/24-25,27AEPPG0608H1ZM,5320,,,,4750.00 Cr,285.00 Cr,285.00 Cr,,,,,,,
2024-11-27,Carron Clothing Pvt Ltd,447/24-25,27AABCC2448L1ZK,16536,1520.00 Cr,38.00 Cr,38.00 Cr,13338.00 Cr,801.00 Cr,801.00 Cr,,,,,,,
2024-11-28,Raazz-New Delhi,448/24-25,07AIEPA0129L1ZN,32413,,,,,,,28940.00 Cr,3473.00 Cr,,,,,
2024-11-29,Suvidha,449/24-25,27ABCFS5847C1Z5,13471,2929.50 Cr,73.00 Cr,73.00 Cr,9281.40 Cr,557.00 Cr,557.00 Cr,,,0.10 Cr,,,,
2024-11-29,Carron Clothing Pvt Ltd,450/24-25,27AABCC2448L1ZK,5948,1000.00 Cr,25.00 Cr,25.00 Cr,4372.00 Cr,263.00 Cr,263.00 Cr,,,,,,,
2024-11-29,Airavath Creations,451/24-25,29AZDPB5508L1ZA,6474,,,,,,,5780.00 Cr,694.00 Cr,,,,,
2024-11-30,Kalpana Apparels-Mulund,456/24-25,27AEPPG0608H1ZM,8909,,,,7955.00 Cr,477.00 Cr,477.00 Cr,,,,,,,
2024-11-30,Puzzle,455/24-25,27AHIPD1472E1ZO,11295,,,,10085.00 Cr,605.00 Cr,605.00 Cr,,,,,,,
2024-11-30,Apple Kids,454/24-25,27AUIPS6693M1ZK,27825,,,,24842.50 Cr,1491.00 Cr,1491.00 Cr,,,0.50 Cr,,,,
2024-11-30,Kaccha Limboo,453/24-25,27RAXPS9827K1ZZ,24237,,,,21641.00 Cr,1298.00 Cr,1298.00 Cr,,,,,,,
2024-11-30,Suvidha,452/24-25,27ABCFS5847C1Z5,11609,,,,10365.00 Cr,622.00 Cr,622.00 Cr,,,,,,,
2024-12-02,Honesty Stores,459/24-25,27ABIPS0106J1ZP,21078,,,,18820.00 Cr,1129.00 Cr,1129.00 Cr,,,,,,,
2024-12-02,Carron Clothing Pvt Ltd,458/24-25,27AABCC2448L1ZK,10458,2720.00 Cr,68.00 Cr,68.00 Cr,6789.00 Cr,406.00 Cr,406.00 Cr,,,1.00 Cr,,,,
2024-12-02,Kalapi Nx,457/24-25,27AASFK2634G1Z4,30016,,,,26799.00 Cr,1608.00 Cr,1608.00 Cr,,,1.00 Cr,,,,
2024-12-03,Poonam,468/24-25,27AAPFC2036H2ZG,38842,,,,34680.00 Cr,2081.00 Cr,2081.00 Cr,,,,,,,
2024-12-03,Vithal Garments,466/24-25,29AAAFV8422D1Z7,28439,,,,,,,21665.00 Cr,2600.00 Cr,,,3975.00 Cr,199.00 Cr,
2024-12-03,Spice,467/24-25,27AHPPJ7298H1ZL,18032,,,,16100.00 Cr,966.00 Cr,966.00 Cr,,,,,,,
2024-12-03,Maitrik Fashion Pvt Ltd,465/24-25,27AANCM1610N1Z8,16242,,,,14502.00 Cr,870.00 Cr,870.00 Cr,,,,,,,
2024-12-03,Riyansh Fashion Pin-A-Kin,464/24-25,27AANCR2517B1ZK,16242,,,,14502.00 Cr,870.00 Cr,870.00 Cr,,,,,,,
2024-12-03,Royal Collection,461/24-25,29DBKPS7583A1Z4,37839,,,,,,,33785.00 Cr,4054.00 Cr,,,,,
2024-12-03,Harivar,462/24-25,24AADHT8500M1ZY,22742,,,,,,,20305.00 Cr,2437.00 Cr,,,,,
2024-12-03,Radhika,463/24-25,24ADNPK4395C1ZI,33723,,,,,,,30110.00 Cr,3613.00 Cr,,,,,
2024-12-03,Vividh Collection,460/24-25,27AASFV0685N1Z7,21120,,,,18858.00 Cr,1131.00 Cr,1131.00 Cr,,,,,,,
2024-12-04,Trios,473/24-25,27AACFT4028M1ZY,9017,,,,8051.00 Cr,483.00 Cr,483.00 Cr,,,,,,,
2024-12-04,Sweety Clothing LLP,470/24-25,27AFGFS7469J1Z8,7957,,,,7105.00 Cr,426.00 Cr,426.00 Cr,,,,,,,
2024-12-04,Trend Setter,471/24-25,27AAFPS2786N1ZW,12062,,,,10770.00 Cr,646.00 Cr,646.00 Cr,,,,,,,
2024-12-04,Sagar,472/24-25,27AABPT1293K1ZD,11848,,,,10578.00 Cr,635.00 Cr,635.00 Cr,,,,,,,
2024-12-04,Puzzle,469/24-25,27AHIPD1472E1ZO,8887,,,,7935.00 Cr,476.00 Cr,476.00 Cr,,,,,,,
2024-12-05,Kalapi Nx,474/24-25,27AASFK2634G1Z4,20663,,,,18449.00 Cr,1107.00 Cr,1107.00 Cr,,,,,,,
2024-12-05,Blossom,475/24-25,27AQRPS2494R1ZI,5346,,,,4773.00 Cr,286.00 Cr,286.00 Cr,,,1.00 Cr,,,,
2024-12-06,Laksh,480/24-25,27AQSPS1074N1ZZ,6932,,,,6190.00 Cr,371.00 Cr,371.00 Cr,,,,,,,
2024-12-06,Shivam Kids Wear,476/24-25,03AQSPD4244K1ZS,18290,,,,,,,16330.00 Cr,1960.00 Cr,,,,,
2024-12-06,Baby's World,477/24-25,24ANCPN9399J1ZC,13639,,,,,,,10858.00 Cr,1303.00 Cr,,,1407.00 Cr,71.00 Cr,
2024-12-06,Kidz Zone,478/24-25,27ACWPP0079J1ZW,8125,,,,7255.00 Cr,435.00 Cr,435.00 Cr,,,,,,,
2024-12-06,Culture,479/24-25,27AJCPC0931F1ZU,12062,,,,10770.00 Cr,646.00 Cr,646.00 Cr,,,,,,,
2024-12-07,Tiny Baby,481/24-25,27BABPS1183E1ZT,2251,,,,2009.00 Cr,121.00 Cr,121.00 Cr,,,,,,,
2024-12-07,Kids Zone-Kalbadevi,482/24-25,27AIYPB2790A1Z8,7485,,,,6683.00 Cr,401.00 Cr,401.00 Cr,,,,,,,
2024-12-07,Carron Clothing Pvt Ltd,483/24-25,27AABCC2448L1ZK,1490,,,,1330.00 Cr,80.00 Cr,80.00 Cr,,,,,,,
2024-12-09,Kalapi Nx,484/24-25,27AASFK2634G1Z4,44928,,,,40113.00 Cr,2407.00 Cr,2407.00 Cr,,,1.00 Cr,,,,
2024-12-09,Carron Clothing Pvt Ltd,485/24-25,27AABCC2448L1ZK,9290,,,,8293.00 Cr,498.00 Cr,498.00 Cr,,,1.00 Cr,,,,
2024-12-10,Kalpana Apparels-Mulund,486/24-25,27AEPPG0608H1ZM,7957,,,,7105.00 Cr,426.00 Cr,426.00 Cr,,,,,,,
2024-12-10,Honesty Stores,487/24-25,27ABIPS0106J1ZP,6060,1000.00 Cr,25.00 Cr,25.00 Cr,4472.00 Cr,269.00 Cr,269.00 Cr,,,,,,,
2024-12-11,Sagar,488/24-25,27AABPT1293K1ZD,1416,,,,1263.00 Cr,76.00 Cr,76.00 Cr,,,1.00 Cr,,,,
2024-12-11,Parichay Department Stores Pvt Ltd,489/24-25,27AADCP6306N1Z4,6932,,,,6190.00 Cr,371.00 Cr,371.00 Cr,,,,,,,
2024-12-11,Pogo Kids Wear,490/24-25,27AZUPP9330R1Z3,8909,,,,7955.00 Cr,477.00 Cr,477.00 Cr,,,,,,,
2024-12-11,Janta Bazar-Vasai,491/24-25,27AAGFJ8219C1ZG,14216,,,,12692.00 Cr,762.00 Cr,762.00 Cr,,,,,,,
2024-12-12,MAYUR KIDS (JUNAGADH),492/24-25,24ADQPL4979A1ZC,17041,,,,,,,15215.00 Cr,1826.00 Cr,,,,,
2024-12-13,Kalapi Nx,493/24-25,27AASFK2634G1Z4,30798,,,,27497.00 Cr,1650.00 Cr,1650.00 Cr,,,1.00 Cr,,,,
2024-12-13,Suvidha,494/24-25,27ABCFS5847C1Z5,8181,,,,7305.00 Cr,438.00 Cr,438.00 Cr,,,,,,,
2024-12-14,Shahenshah Childrens Wear,495/24-25,27AESPD4014P1Z5,12678,,,,11320.00 Cr,679.00 Cr,679.00 Cr,,,,,,,
2024-12-14,Tiny Baby,496/24-25,27BABPS1183E1ZT,4086,,,,3648.00 Cr,219.00 Cr,219.00 Cr,,,,,,,
2024-12-14,Spice,497/24-25,27AHPPJ7298H1ZL,14677,,,,13105.00 Cr,786.00 Cr,786.00 Cr,,,,,,,
2024-12-14,Pallav-Jamnagar,498/24-25,24AAOFP3575D1Z5,20964,,,,,,,15605.00 Cr,1873.00 Cr,,,3320.00 Cr,166.00 Cr,
2024-12-14,New Clothes Club,499/24-25,24AAQFN0597D1Z5,12062,,,,,,,10770.00 Cr,1292.00 Cr,,,,,
2024-12-14,Kalapi Nx,500/24-25,27AASFK2634G1Z4,33587,11520.00 Cr,288.00 Cr,288.00 Cr,19185.00 Cr,1151.00 Cr,1151.00 Cr,,,4.00 Cr,,,,
2024-12-14,Parichay Department Stores Pvt Ltd,501/24-25,27AADCP6306N1Z4,9386,,,,8380.00 Cr,503.00 Cr,503.00 Cr,,,,,,,
2024-12-14,Pogo Kids Wear,502/24-25,27AZUPP9330R1Z3,9693,,,,8655.00 Cr,519.00 Cr,519.00 Cr,,,,,,,
2024-12-14,Krezy Doll-New,503/24-25,27BDJPS9685Q1Z3,36317,,,,32425.00 Cr,1946.00 Cr,1946.00 Cr,,,,,,,
2024-12-16,Penguin Kids & Ladies,504/24-25,27ADJPT1360L1Z5,2535,2415.00 Cr,60.00 Cr,60.00 Cr,,,,,,,,,,
2024-12-16,Krezy Doll-New,505/24-25,27BDJPS9685Q1Z3,26638,5840.00 Cr,146.00 Cr,146.00 Cr,18310.00 Cr,1098.00 Cr,1098.00 Cr,,,,,,,
2024-12-18,Tiny Baby,506/24-25,27BABPS1183E1ZT,3644,,,,3253.00 Cr,195.00 Cr,195.00 Cr,,,1.00 Cr,,,,
2024-12-18,Maitrik Fashion Pvt Ltd,507/24-25,27AANCM1610N1Z8,18817,,,,16800.00 Cr,1008.00 Cr,1008.00 Cr,,,1.00 Cr,,,,
2024-12-18,Riyansh Fashion Pin-A-Kin,508/24-25,27AANCR2517B1ZK,11374,,,,10155.00 Cr,609.00 Cr,609.00 Cr,,,1.00 Cr,,,,
2024-12-18,Carron Clothing Pvt Ltd,509/24-25,27AABCC2448L1ZK,14890,1920.00 Cr,48.00 Cr,48.00 Cr,11494.00 Cr,690.00 Cr,690.00 Cr,,,,,,,
2024-12-19,Kaccha Limboo,510/24-25,27RAXPS9827K1ZZ,8012,,,,7153.00 Cr,429.00 Cr,429.00 Cr,,,1.00 Cr,,,,
2024-12-20,Pallav-Jamnagar,511/24-25,24AAOFP3575D1Z5,17478,,,,,,,15605.00 Cr,1873.00 Cr,,,,,
2024-12-20,Angel,512/24-25,24AKFPT5168F1ZZ,32278,,,,,,,23325.00 Cr,2800.00 Cr,,,5860.00 Cr,293.00 Cr,
2024-12-20,Next Turn,513/24-25,24CEXPM5282B1Z8,23940,,,,,,,18675.00 Cr,2241.00 Cr,,,2880.00 Cr,144.00 Cr,
2024-12-20,Pummy Fashion,514/24-25,24AACFP5050H1ZJ,21078,,,,,,,18820.00 Cr,2258.00 Cr,,,,,
2024-12-20,Baby's World,515/24-25,24ANCPN9399J1ZC,16503,,,,,,,11115.00 Cr,1335.00 Cr,,,3860.00 Cr,193.00 Cr,
2024-12-23,Carron Clothing Pvt Ltd,516/24-25,27AABCC2448L1ZK,15406,13756.00 Cr,825.00 Cr,825.00 Cr,,,,,,,,,,
2024-12-23,Next Turn,517/24-25,24CEXPM5282B1Z8,2396,,,,,,,2050.00 Cr,246.00 Cr,,100.00 Cr,,,
2024-12-24,Stop N Shop,518/24-25,27AOFPS2660M1ZG,39951,1960.00 Cr,49.00 Cr,49.00 Cr,33835.00 Cr,2029.00 Cr,2029.00 Cr,,,,,,,
2024-12-24,Navyug Selection,519/24-25,24ARQPG6894D1ZG,40421,,,,,,,36090.00 Cr,4331.00 Cr,,,,,
2024-12-24,Kalapi Nx,520/24-25,27AASFK2634G1Z4,18669,2360.00 Cr,59.00 Cr,59.00 Cr,14455.00 Cr,868.00 Cr,868.00 Cr,,,,,,,
2024-12-24,Shahenshah Childrens Wear,521/24-25,27AESPD4014P1Z5,12323,1000.00 Cr,25.00 Cr,25.00 Cr,10065.00 Cr,604.00 Cr,604.00 Cr,,,,,,,
2024-12-24,Trend Setter,522/24-25,27AAFPS2786N1ZW,11044,,,,9860.00 Cr,592.00 Cr,592.00 Cr,,,,,,,
2024-12-24,Honey Bunny New Born and Kids Wear,523/24-25,27AHEPP8675M1ZG,11044,,,,9860.00 Cr,592.00 Cr,592.00 Cr,,,,,,,
2024-12-24,Kidz Zone,524/24-25,27ACWPP0079J1ZW,15960,,,,14250.00 Cr,855.00 Cr,855.00 Cr,,,,,,,
2024-12-24,Blossom,525/24-25,27AQRPS2494R1ZI,3895,,,,3477.00 Cr,209.00 Cr,209.00 Cr,,,,,,,
2024-12-24,Suvidha,526/24-25,27ABCFS5847C1Z5,19925,960.00 Cr,24.00 Cr,24.00 Cr,16891.00 Cr,1013.00 Cr,1013.00 Cr,,,,,,,
2024-12-24,Krezy Doll-New,527/24-25,27BDJPS9685Q1Z3,12729,,,,11365.00 Cr,682.00 Cr,682.00 Cr,,,,,,,
2024-12-24,Poshak-Rajkot,528/24-25,24AAGFP1352E1ZO,16055,,,,,,,14335.00 Cr,1720.00 Cr,,,,,
2024-12-25,Trios,529/24-25,27AACFT4028M1ZY,9804,,,,8754.00 Cr,525.00 Cr,525.00 Cr,,,,,,,
2024-12-25,Shahenshah Childrens Wear,530/24-25,27AESPD4014P1Z5,5690,,,,5080.00 Cr,305.00 Cr,305.00 Cr,,,,,,,
2024-12-30,Shahenshah Childrens Wear,531/24-25,27AESPD4014P1Z5,14198,1000.00 Cr,25.00 Cr,25.00 Cr,11740.00 Cr,704.00 Cr,704.00 Cr,,,,,,,
2024-12-30,Kalapi Nx,532/24-25,27AASFK2634G1Z4,48252,4840.00 Cr,121.00 Cr,121.00 Cr,38541.00 Cr,2314.00 Cr,2314.00 Cr,,,1.00 Cr,,,,
2024-12-30,Stop N Shop,533/24-25,27AOFPS2660M1ZG,2313,,,,2065.00 Cr,124.00 Cr,124.00 Cr,,,,,,,
2024-12-30,Bubbly Exclusive,534/24-25,24BXHPP0276N1Z2,27496,,,,,,,24550.00 Cr,2946.00 Cr,,,,,
2024-12-30,Baby's World,535/24-25,24ANCPN9399J1ZC,19650,,,,,,,17545.00 Cr,2105.00 Cr,,,,,
2024-12-30,Poshak-Rajkot,536/24-25,24AAGFP1352E1ZO,11502,,,,,,,10270.00 Cr,1232.00 Cr,,,,,
2024-12-30,MAYUR KIDS (JUNAGADH),537/24-25,24ADQPL4979A1ZC,101562,,,,,,,,,,,96726.00 Cr,4836.00 Cr,
2024-12-30,Raazz-New Delhi,538/24-25,07AIEPA0129L1ZN,17478,,,,,,,15605.00 Cr,1873.00 Cr,,,,,
2024-12-31,Kalapi Nx,539/24-25,27AASFK2634G1Z4,18402,,,,16430.00 Cr,986.00 Cr,986.00 Cr,,,,,,,
2025-01-02,Carron Clothing Pvt Ltd,540/24-25,27AABCC2448L1ZK,27887,960.00 Cr,24.00 Cr,24.00 Cr,24001.00 Cr,1439.00 Cr,1439.00 Cr,,,,,,,
2025-01-03,New Clothes Club,541/24-25,24AAQFN0597D1Z5,2956,,,,,,,2550.00 Cr,306.00 Cr,,100.00 Cr,,,
